average_gas_fee,avgGas,timestamp
10.585,92232.94520000005,2022-09-12 10:00:00
30.23,88143.43826666666,2022-09-12 11:00:00
33.41,82982.46142166665,2022-09-12 12:00:00
25.225,84544.98935333332,2022-09-12 13:00:00
52.245,89251.97149666668,2022-09-12 14:00:00
77.29,81737.41613166664,2022-09-12 15:00:00
42.165,86377.21202166667,2022-09-12 16:00:00
33.18,93564.793935,2022-09-12 17:00:00
21.19,94469.06820166668,2022-09-12 18:00:00
20.405,86892.35663166665,2022-09-12 19:00:00
31.93,89994.52047666667,2022-09-12 20:00:00
24.935,104240.93165166667,2022-09-12 21:00:00
38.66,102442.88604666668,2022-09-12 22:00:00
19.29,95097.62995500004,2022-09-12 23:00:00
11.52,92018.9279916667,2022-09-13 00:00:00
10.435,89241.97760666664,2022-09-13 01:00:00
12.87,95221.85626833334,2022-09-13 02:00:00
9.905,108762.3549827586,2022-09-13 03:00:00
8.19,103331.38435666676,2022-09-13 04:00:00
9.875,104324.61059666668,2022-09-13 05:00:00
7.61,119276.14247999997,2022-09-13 06:00:00
8.985,90156.38077833332,2022-09-13 07:00:00
10.37,88226.46436166667,2022-09-13 08:00:00
22.42,75910.22953166669,2022-09-13 09:00:00
7.525,87207.87555,2022-09-13 10:00:00
11.08,95892.39225833332,2022-09-13 11:00:00
52.24,89376.65778666665,2022-09-13 12:00:00
58.06,78494.14827166665,2022-09-13 13:00:00
32.65,80058.92048166666,2022-09-13 14:00:00
27.795,90283.33026333334,2022-09-13 15:00:00
194.29,83899.40993166665,2022-09-13 16:00:00
15.935,84962.42384833335,2022-09-13 17:00:00
30.28,88994.37086333333,2022-09-13 18:00:00
41.73,85941.36209666668,2022-09-13 19:00:00
28.145,90604.51932666666,2022-09-13 20:00:00
26.515,98947.1996733333,2022-09-13 21:00:00
20.81,101543.73595499998,2022-09-13 22:00:00
11.585,98050.02901333336,2022-09-13 23:00:00
16.365,87381.68619999997,2022-09-14 00:00:00
10.42,93612.4605416667,2022-09-14 01:00:00
11.035,94596.7618883333,2022-09-14 02:00:00
9.135,86619.93778103447,2022-09-14 03:00:00
11.735,94566.55837333328,2022-09-14 04:00:00
18.78,106572.852605,2022-09-14 05:00:00
9.245,96101.67383000004,2022-09-14 06:00:00
14.83,218105.837175,2022-09-14 07:00:00
9.55,76894.02202,2022-09-14 08:00:00
11.03,73858.35407499998,2022-09-14 09:00:00
8.15,82371.47304833333,2022-09-14 10:00:00
6.345,103492.37790166664,2022-09-14 11:00:00
16.285,83018.5628483333,2022-09-14 12:00:00
24.545,81806.22556166667,2022-09-14 13:00:00
20.155,93819.32337540983,2022-09-14 14:00:00
17.91,88439.99108666668,2022-09-14 15:00:00
22.645,80437.35411166669,2022-09-14 16:00:00
21.59,83742.01146065572,2022-09-14 17:00:00
31.2,84548.40988852458,2022-09-14 18:00:00
22.535,81526.75886,2022-09-14 19:00:00
29.235,96898.19238166668,2022-09-14 20:00:00
28.16,89054.87322166664,2022-09-14 21:00:00
11.895,84640.42124833332,2022-09-14 22:00:00
15.73,88627.624685,2022-09-14 23:00:00
18.0,97766.32297333331,2022-09-15 00:00:00
16.375,84469.05801666665,2022-09-15 01:00:00
11.14,83437.98825499999,2022-09-15 02:00:00
26.365,82583.66640862067,2022-09-15 03:00:00
13.95,94516.74192333332,2022-09-15 04:00:00
11.565,113296.32660500004,2022-09-15 05:00:00
62.96,202710.57212166663,2022-09-15 06:00:00
48.445,99423.07389333328,2022-09-15 07:00:00
24.22,93679.58946,2022-09-15 08:00:00
11.92,81409.91620499999,2022-09-15 09:00:00
11.27,84298.115115,2022-09-15 10:00:00
93.5,78963.04350833334,2022-09-15 11:00:00
84.855,80483.96331333331,2022-09-15 12:00:00
28.25,78623.09456499999,2022-09-15 13:00:00
70.685,84739.76524000001,2022-09-15 14:00:00
70.685,81801.92760000002,2022-09-15 15:00:00
18.9,84382.32469,2022-09-15 16:00:00
148.255,77061.55205833334,2022-09-15 17:00:00
54.475,82963.7528283333,2022-09-15 18:00:00
72.95,78389.15204333332,2022-09-15 19:00:00
26.0,82910.23701999999,2022-09-15 20:00:00
28.105,113111.33939166668,2022-09-15 21:00:00
33.91,97504.17961833334,2022-09-15 22:00:00
69.265,91108.2763166667,2022-09-15 23:00:00
56.89,85857.0630966667,2022-09-16 00:00:00
22.515,108453.47007833332,2022-09-16 01:00:00
60.805,88604.21060508475,2022-09-16 02:00:00
42.4,91893.61541355935,2022-09-16 03:00:00
31.535,88841.21624166667,2022-09-16 04:00:00
17.0,86423.74563000002,2022-09-16 05:00:00
38.5,86280.947955,2022-09-16 06:00:00
24.55,80711.01977833334,2022-09-16 07:00:00
44.615,74353.34813333332,2022-09-16 08:00:00
17.5,76593.16680333331,2022-09-16 09:00:00
28.75,106970.45211333336,2022-09-16 10:00:00
17.39,79406.54421333333,2022-09-16 11:00:00
10.85,83222.63666500001,2022-09-16 12:00:00
32.285,89067.03460166664,2022-09-16 13:00:00
52.2,83771.145265,2022-09-16 14:00:00
18.205,98707.42581,2022-09-16 15:00:00
193.205,87868.52425666666,2022-09-16 16:00:00
56.675,93924.06422833334,2022-09-16 17:00:00
43.78,86351.01467166668,2022-09-16 18:00:00
13.655,87987.28141525426,2022-09-16 19:00:00
24.035,90986.30038166666,2022-09-16 20:00:00
25.575,84046.69389500002,2022-09-16 21:00:00
8.64,93666.0411716667,2022-09-16 22:00:00
10.66,111746.21605666664,2022-09-16 23:00:00
10.385,111267.26669333332,2022-09-17 00:00:00
29.18,105577.96722,2022-09-17 01:00:00
5.18,104615.35011500002,2022-09-17 02:00:00
6.095,122851.54816610173,2022-09-17 03:00:00
7.39,102892.70714500002,2022-09-17 04:00:00
16.255,73017.50736333334,2022-09-17 05:00:00
7.88,68324.74228333335,2022-09-17 06:00:00
30.65,80279.61698333336,2022-09-17 07:00:00
210.315,110524.15084333332,2022-09-17 08:00:00
8.245,101698.70216440674,2022-09-17 09:00:00
6.475,78795.15779499999,2022-09-17 10:00:00
7.795,90194.74976166668,2022-09-17 11:00:00
9.295,146796.35797166664,2022-09-17 12:00:00
12.545,98170.909945,2022-09-17 13:00:00
17.0,96251.99215499994,2022-09-17 14:00:00
21.145,97549.02901166664,2022-09-17 15:00:00
10.515,95686.95957833332,2022-09-17 16:00:00
13.515,93854.03132833332,2022-09-17 17:00:00
15.91,140125.9234583333,2022-09-17 18:00:00
77.0,89432.40325333337,2022-09-17 19:00:00
31.41,97892.97447000002,2022-09-17 20:00:00
5.305,88486.03487000003,2022-09-17 21:00:00
5.845,94707.94867833333,2022-09-17 22:00:00
3.825,112860.18668666668,2022-09-17 23:00:00
4.87,109389.86270333332,2022-09-18 00:00:00
22.545,99662.81713000002,2022-09-18 01:00:00
5.72,104415.82381666669,2022-09-18 02:00:00
4.515,111685.5891192982,2022-09-18 03:00:00
6.075,130030.77932333338,2022-09-18 04:00:00
8.0,132470.01501666667,2022-09-18 05:00:00
18.695,148148.1085266667,2022-09-18 06:00:00
3.95,94735.06397000002,2022-09-18 07:00:00
4.325,100183.50292666668,2022-09-18 08:00:00
6.055,101089.14534666669,2022-09-18 09:00:00
9.155,100643.60161666668,2022-09-18 10:00:00
11.53,117678.15452166669,2022-09-18 11:00:00
6.56,102623.78545500003,2022-09-18 12:00:00
6.415,94535.3558050847,2022-09-18 13:00:00
7.795,95088.079835,2022-09-18 14:00:00
15.07,94891.43223166668,2022-09-18 15:00:00
32.33,86369.16110333335,2022-09-18 16:00:00
14.225,95697.61587000004,2022-09-18 17:00:00
14.01,101124.29692333331,2022-09-18 18:00:00
9.585,101219.65366333332,2022-09-18 19:00:00
22.325,102169.5701483333,2022-09-18 20:00:00
62.73,97234.66440000002,2022-09-18 21:00:00
14.07,99940.26876833332,2022-09-18 22:00:00
12.115,102823.95456333332,2022-09-18 23:00:00
17.46,97696.99442166663,2022-09-19 00:00:00
11.085,115798.52151166672,2022-09-19 01:00:00
13.02,97795.95683999998,2022-09-19 02:00:00
55.595,101430.4959172414,2022-09-19 03:00:00
6.835,105366.97279666668,2022-09-19 04:00:00
12.445,109643.86404333332,2022-09-19 05:00:00
6.44,102065.45189333332,2022-09-19 06:00:00
16.61,109006.29491666668,2022-09-19 07:00:00
6.125,143676.06343559324,2022-09-19 08:00:00
4.465,99130.04163666666,2022-09-19 09:00:00
32.5,92781.91549333338,2022-09-19 10:00:00
4.91,136483.64847666665,2022-09-19 11:00:00
5.11,95091.313845,2022-09-19 12:00:00
12.155,94873.006845,2022-09-19 13:00:00
15.19,102699.42851,2022-09-19 14:00:00
16.335,91643.30642166668,2022-09-19 15:00:00
28.825,98201.37716833332,2022-09-19 16:00:00
27.59,99408.7491,2022-09-19 17:00:00
19.475,101369.49207333336,2022-09-19 18:00:00
28.41,102398.98379666668,2022-09-19 19:00:00
13.615,105997.80938,2022-09-19 20:00:00
18.685,103505.07656,2022-09-19 21:00:00
10.285,105361.54548833336,2022-09-19 22:00:00
10.565,109439.57737333328,2022-09-19 23:00:00
28.17,96520.71903000002,2022-09-20 00:00:00
6.985,103745.599635,2022-09-20 01:00:00
9.295,105540.4991033333,2022-09-20 02:00:00
9.49,112694.70528965518,2022-09-20 03:00:00
7.655,117081.95092333334,2022-09-20 04:00:00
17.0,108726.45441333333,2022-09-20 05:00:00
8.73,131542.94376666666,2022-09-20 06:00:00
10.44,101995.73625333337,2022-09-20 07:00:00
6.345,102474.90242500004,2022-09-20 08:00:00
27.0,113115.37776,2022-09-20 09:00:00
4.6,101901.8035016667,2022-09-20 10:00:00
5.775,104677.64352166669,2022-09-20 11:00:00
10.23,85065.63553333335,2022-09-20 12:00:00
25.465,87879.8492383333,2022-09-20 13:00:00
19.96,92507.10519152542,2022-09-20 14:00:00
13.855,93834.62612000004,2022-09-20 15:00:00
26.46,93168.93085499998,2022-09-20 16:00:00
30.82,90748.21538333331,2022-09-20 17:00:00
26.89,100427.0050183333,2022-09-20 18:00:00
12.855,100046.97550666668,2022-09-20 19:00:00
51.515,138166.63641694913,2022-09-20 20:00:00
16.405,96866.5376066667,2022-09-20 21:00:00
10.875,107252.91132166666,2022-09-20 22:00:00
57.5,106949.66650999997,2022-09-20 23:00:00
78.0,143329.27492000005,2022-09-21 00:00:00
9.645,133865.97110333332,2022-09-21 01:00:00
16.345,116263.66750333336,2022-09-21 02:00:00
6.975,156242.43988983042,2022-09-21 03:00:00
7.165,163586.07902666667,2022-09-21 04:00:00
6.92,108757.32271333336,2022-09-21 05:00:00
9.85,101898.50120166667,2022-09-21 06:00:00
6.87,115121.9347533333,2022-09-21 07:00:00
4.66,140531.38414666665,2022-09-21 08:00:00
4.405,117204.56691,2022-09-21 09:00:00
4.855,123646.63930000002,2022-09-21 10:00:00
42.5,147318.1116033333,2022-09-21 11:00:00
10.345,94609.87525166664,2022-09-21 12:00:00
15.165,92776.885095,2022-09-21 13:00:00
30.23,94567.09423333334,2022-09-21 14:00:00
17.95,103195.88982500002,2022-09-21 15:00:00
38.615,106019.696405,2022-09-21 16:00:00
29.845,100878.928195,2022-09-21 17:00:00
113.035,93998.42983,2022-09-21 18:00:00
37.72,97919.81999499995,2022-09-21 19:00:00
13.47,107893.44386333332,2022-09-21 20:00:00
26.28,103540.44351999996,2022-09-21 21:00:00
47.61,102785.33398833335,2022-09-21 22:00:00
15.565,104912.87513333332,2022-09-21 23:00:00
16.495,105691.543595,2022-09-22 00:00:00
7.28,106127.3503,2022-09-22 01:00:00
27.0,101663.17912333336,2022-09-22 02:00:00
10.065,111015.83360172417,2022-09-22 03:00:00
16.5,130365.30642666663,2022-09-22 04:00:00
5.43,112437.03431000002,2022-09-22 05:00:00
8.21,118644.37749833331,2022-09-22 06:00:00
6.66,137014.70470166666,2022-09-22 07:00:00
6.84,100659.92858,2022-09-22 08:00:00
5.015,111771.9464816667,2022-09-22 09:00:00
7.365,124810.31645,2022-09-22 10:00:00
5.605,112615.4529016667,2022-09-22 11:00:00
21.7,114119.96166333338,2022-09-22 12:00:00
10.065,103947.4746233333,2022-09-22 13:00:00
14.185,97425.16944,2022-09-22 14:00:00
29.435,87839.58557499998,2022-09-22 15:00:00
24.5,95392.14981666666,2022-09-22 16:00:00
21.52,93277.51253166664,2022-09-22 17:00:00
20.765,103143.68131694918,2022-09-22 18:00:00
15.435,102858.01860999998,2022-09-22 19:00:00
14.48,97148.0831816667,2022-09-22 20:00:00
15.205,99352.34469166669,2022-09-22 21:00:00
13.715,123566.69071499998,2022-09-22 22:00:00
9.79,114519.01166500004,2022-09-22 23:00:00
12.475,121593.57263666668,2022-09-23 00:00:00
6.635,136221.8339933333,2022-09-23 01:00:00
7.27,109599.42337333334,2022-09-23 02:00:00
7.52,122096.26392881355,2022-09-23 03:00:00
7.33,110723.48295833332,2022-09-23 04:00:00
11.21,160987.68632999994,2022-09-23 05:00:00
12.175,131721.28168666668,2022-09-23 06:00:00
7.81,149359.6450283333,2022-09-23 07:00:00
17.0,114571.08494000002,2022-09-23 08:00:00
6.66,114006.86063833334,2022-09-23 09:00:00
11.38,120313.65133333336,2022-09-23 10:00:00
7.485,98871.97633220335,2022-09-23 11:00:00
13.58,102700.90045000006,2022-09-23 12:00:00
14.285,101139.18562833336,2022-09-23 13:00:00
27.82,91758.970095,2022-09-23 14:00:00
13.77,94037.69057500006,2022-09-23 15:00:00
13.405,97920.4639983333,2022-09-23 16:00:00
13.36,107118.48393833336,2022-09-23 17:00:00
46.215,103338.34293500004,2022-09-23 18:00:00
8.15,97873.28992333334,2022-09-23 19:00:00
6.805,95384.92169166668,2022-09-23 20:00:00
26.52,106807.98926333334,2022-09-23 21:00:00
8.865,90779.03518999998,2022-09-23 22:00:00
5.52,133141.71541,2022-09-23 23:00:00
5.05,120061.43299499998,2022-09-24 00:00:00
26.92,144303.66759166666,2022-09-24 01:00:00
7.125,110152.25109166668,2022-09-24 02:00:00
6.78,136881.55759152543,2022-09-24 03:00:00
6.51,131919.43556666668,2022-09-24 04:00:00
5.01,181915.7065716666,2022-09-24 05:00:00
4.98,219648.31733,2022-09-24 06:00:00
5.84,196158.75943666665,2022-09-24 07:00:00
5.915,143216.0970616667,2022-09-24 08:00:00
9.5,120758.58713166665,2022-09-24 09:00:00
9.825,144281.10244000002,2022-09-24 10:00:00
6.515,165028.01407833333,2022-09-24 11:00:00
5.865,102216.00976833332,2022-09-24 12:00:00
7.575,103239.82897499998,2022-09-24 13:00:00
14.635,102888.47459666664,2022-09-24 14:00:00
8.11,104200.341075,2022-09-24 15:00:00
7.41,98019.16278333332,2022-09-24 16:00:00
9.59,96473.71466166669,2022-09-24 17:00:00
9.555,106304.63521,2022-09-24 18:00:00
8.985,115208.742165,2022-09-24 19:00:00
5.915,122096.6883508474,2022-09-24 20:00:00
18.525,124329.55664000002,2022-09-24 21:00:00
4.02,111699.705305,2022-09-24 22:00:00
4.07,128331.97267666669,2022-09-24 23:00:00
5.38,214682.6121866666,2022-09-25 00:00:00
5.755,237296.64324166664,2022-09-25 01:00:00
6.465,159125.66211833333,2022-09-25 02:00:00
8.635,188779.0219385965,2022-09-25 03:00:00
6.535,152407.58174333334,2022-09-25 04:00:00
5.89,167248.1488866667,2022-09-25 05:00:00
4.85,139554.4218583333,2022-09-25 06:00:00
6.325,155324.7195033333,2022-09-25 07:00:00
6.75,171039.89726499998,2022-09-25 08:00:00
14.8,158930.43255166663,2022-09-25 09:00:00
24.25,208531.3307066668,2022-09-25 10:00:00
8.265,171241.20748499996,2022-09-25 11:00:00
9.33,104100.93955166664,2022-09-25 12:00:00
7.455,100791.00388166663,2022-09-25 13:00:00
10.535,109568.02149666668,2022-09-25 14:00:00
14.185,97002.64022999998,2022-09-25 15:00:00
20.83,97388.497085,2022-09-25 16:00:00
12.415,95411.86462666666,2022-09-25 17:00:00
9.135,93285.3358866666,2022-09-25 18:00:00
6.48,115100.8258866667,2022-09-25 19:00:00
17.5,98452.212045,2022-09-25 20:00:00
13.64,108231.45877,2022-09-25 21:00:00
11.055,109347.10355833331,2022-09-25 22:00:00
6.045,155386.55822666676,2022-09-25 23:00:00
5.585,162701.025405,2022-09-26 00:00:00
8.24,134344.95497000002,2022-09-26 01:00:00
5.69,161183.70603166672,2022-09-26 02:00:00
5.93,125818.09074655177,2022-09-26 03:00:00
5.325,192365.14802166665,2022-09-26 04:00:00
5.57,136027.83432666666,2022-09-26 05:00:00
6.825,123593.09264,2022-09-26 06:00:00
5.7,118474.57120999997,2022-09-26 07:00:00
7.92,109315.69702833336,2022-09-26 08:00:00
6.95,95760.43596500004,2022-09-26 09:00:00
5.295,143244.10147457628,2022-09-26 10:00:00
5.89,133907.01694833327,2022-09-26 11:00:00
7.075,122490.25160166663,2022-09-26 12:00:00
15.31,100301.006195,2022-09-26 13:00:00
25.945,91435.99299833334,2022-09-26 14:00:00
44.345,94288.34861166665,2022-09-26 15:00:00
32.65,95076.78748,2022-09-26 16:00:00
22.0,96280.02886333334,2022-09-26 17:00:00
27.435,89616.01148166666,2022-09-26 18:00:00
16.84,95870.2921533333,2022-09-26 19:00:00
51.225,102364.35966666666,2022-09-26 20:00:00
24.43,107068.62675,2022-09-26 21:00:00
16.03,107130.4907133333,2022-09-26 22:00:00
8.01,109338.59450833334,2022-09-26 23:00:00
9.18,100947.49664,2022-09-27 00:00:00
14.14,100653.94444333333,2022-09-27 01:00:00
19.645,93615.04697499998,2022-09-27 02:00:00
12.49,106243.20923793102,2022-09-27 03:00:00
19.74,102857.21210666667,2022-09-27 04:00:00
18.08,105000.06763833336,2022-09-27 05:00:00
12.84,95423.49462166664,2022-09-27 06:00:00
44.02,57168.57693833333,2022-09-27 07:00:00
17.465,83083.76222666666,2022-09-27 08:00:00
8.69,87085.88368333332,2022-09-27 09:00:00
9.44,89525.27356333335,2022-09-27 10:00:00
14.795,97980.58891333328,2022-09-27 11:00:00
24.49,102424.21601499998,2022-09-27 12:00:00
32.17,87084.56735333335,2022-09-27 13:00:00
26.215,93819.75121166668,2022-09-27 14:00:00
35.905,94698.40312499998,2022-09-27 15:00:00
54.795,92012.30896166664,2022-09-27 16:00:00
32.715,97294.80284666667,2022-09-27 17:00:00
22.915,108214.4617283333,2022-09-27 18:00:00
18.8,103985.2779366667,2022-09-27 19:00:00
21.92,100583.44990666668,2022-09-27 20:00:00
11.395,93845.54313833332,2022-09-27 21:00:00
56.855,98879.68942333332,2022-09-27 22:00:00
9.58,117472.42824666668,2022-09-27 23:00:00
12.695,120026.49073389832,2022-09-28 00:00:00
15.17,95602.59838333332,2022-09-28 01:00:00
18.505,91841.73622999998,2022-09-28 02:00:00
11.6,110774.97321525424,2022-09-28 03:00:00
10.055,183013.80493666665,2022-09-28 04:00:00
10.455,193494.01749,2022-09-28 05:00:00
9.835,148851.24276500003,2022-09-28 06:00:00
13.63,140702.42065,2022-09-28 07:00:00
17.02,132205.74490333334,2022-09-28 08:00:00
11.51,117544.22785666664,2022-09-28 09:00:00
14.225,118498.732995,2022-09-28 10:00:00
12.375,110981.70799166666,2022-09-28 11:00:00
26.44,100055.1750216667,2022-09-28 12:00:00
17.775,95665.86126101697,2022-09-28 13:00:00
17.315,96289.572345,2022-09-28 14:00:00
18.725,97818.01100166672,2022-09-28 15:00:00
23.5,97325.86590000002,2022-09-28 16:00:00
156.5,91687.900905,2022-09-28 17:00:00
73.63,94871.95023166668,2022-09-28 18:00:00
20.145,101098.27871666664,2022-09-28 19:00:00
15.22,101228.485435,2022-09-28 20:00:00
22.565,105211.85949833336,2022-09-28 21:00:00
13.155,95844.27510166667,2022-09-28 22:00:00
9.475,108400.45851166666,2022-09-28 23:00:00
10.525,109407.95287666663,2022-09-29 00:00:00
17.58,108636.396495,2022-09-29 01:00:00
10.445,116283.15523166668,2022-09-29 02:00:00
18.095,110450.73930847456,2022-09-29 03:00:00
10.32,119263.65198833332,2022-09-29 04:00:00
10.275,131512.75758,2022-09-29 05:00:00
17.105,117470.39502833333,2022-09-29 06:00:00
10.82,113367.41249333337,2022-09-29 07:00:00
11.05,122736.80588666673,2022-09-29 08:00:00
9.365,116851.1302466667,2022-09-29 09:00:00
9.405,99651.3695783333,2022-09-29 10:00:00
9.945,102381.58579833334,2022-09-29 11:00:00
15.15,98961.01268500002,2022-09-29 12:00:00
19.655,94312.71213166667,2022-09-29 13:00:00
25.79,93303.07120166668,2022-09-29 14:00:00
25.745,91696.11480833332,2022-09-29 15:00:00
73.0,88294.90697666664,2022-09-29 16:00:00
24.38,92882.0846118644,2022-09-29 17:00:00
18.245,99504.31917666666,2022-09-29 18:00:00
22.55,105622.91098833336,2022-09-29 19:00:00
130.0,88308.619355,2022-09-29 20:00:00
14.855,95556.33583,2022-09-29 21:00:00
12.71,100090.03950500004,2022-09-29 22:00:00
11.83,112765.81164666664,2022-09-29 23:00:00
13.79,105597.9497383333,2022-09-30 00:00:00
10.99,95435.69627333332,2022-09-30 01:00:00
19.37,105270.16661,2022-09-30 02:00:00
27.55,96077.61281724136,2022-09-30 03:00:00
13.205,114255.02515666664,2022-09-30 04:00:00
11.695,97530.74660500002,2022-09-30 05:00:00
11.335,90939.71600999996,2022-09-30 06:00:00
11.19,91975.787425,2022-09-30 07:00:00
14.84,87433.81945166668,2022-09-30 08:00:00
11.43,97527.64600666668,2022-09-30 09:00:00
9.775,99361.84195833336,2022-09-30 10:00:00
10.39,95929.26988833334,2022-09-30 11:00:00
23.505,85974.08286666665,2022-09-30 12:00:00
23.435,86272.394575,2022-09-30 13:00:00
21.145,90868.85443166664,2022-09-30 14:00:00
38.155,92511.06988166668,2022-09-30 15:00:00
32.08,89148.90835333333,2022-09-30 16:00:00
20.125,92366.04320166667,2022-09-30 17:00:00
18.75,90429.49556333334,2022-09-30 18:00:00
16.45,95985.1817183333,2022-09-30 19:00:00
21.525,90258.57897833332,2022-09-30 20:00:00
17.0,94142.67368166668,2022-09-30 21:00:00
14.61,187939.38297333336,2022-09-30 22:00:00
12.525,89952.11575166669,2022-09-30 23:00:00
26.635,108399.46829833332,2022-10-01 00:00:00
15.28,99447.3415033334,2022-10-01 01:00:00
8.53,99770.61907666664,2022-10-01 02:00:00
7.355,115278.38798571432,2022-10-01 03:00:00
14.425,100940.51250833336,2022-10-01 04:00:00
7.825,114569.30610499998,2022-10-01 05:00:00
6.805,137467.4511083333,2022-10-01 06:00:00
6.895,128970.04251333336,2022-10-01 07:00:00
7.345,93413.76363666664,2022-10-01 08:00:00
6.18,107074.05493166666,2022-10-01 09:00:00
5.26,106720.12070666664,2022-10-01 10:00:00
5.715,104952.93298666668,2022-10-01 11:00:00
7.15,93593.06406166664,2022-10-01 12:00:00
18.74,96102.22312881357,2022-10-01 13:00:00
14.45,102251.68576166664,2022-10-01 14:00:00
13.345,93914.32767166667,2022-10-01 15:00:00
16.26,91751.05523666668,2022-10-01 16:00:00
11.705,92184.11571,2022-10-01 17:00:00
11.38,88270.90324833334,2022-10-01 18:00:00
8.435,97253.64449166668,2022-10-01 19:00:00
11.725,97442.45160666664,2022-10-01 20:00:00
24.975,97593.32541,2022-10-01 21:00:00
6.96,99061.30353999998,2022-10-01 22:00:00
6.825,100599.25379166663,2022-10-01 23:00:00
7.295,100502.97066000002,2022-10-02 00:00:00
5.1,100598.14111999996,2022-10-02 01:00:00
6.14,114729.08116166666,2022-10-02 02:00:00
6.0,112345.78504210526,2022-10-02 03:00:00
6.105,113269.06662833336,2022-10-02 04:00:00
4.705,101505.50891500004,2022-10-02 05:00:00
4.015,103842.953605,2022-10-02 06:00:00
4.695,103233.38752166666,2022-10-02 07:00:00
5.28,94316.22664,2022-10-02 08:00:00
5.355,90487.98985333332,2022-10-02 09:00:00
7.205,121406.60071833336,2022-10-02 10:00:00
6.42,114642.55094,2022-10-02 11:00:00
4.555,95375.771095,2022-10-02 12:00:00
6.21,98719.58477833336,2022-10-02 13:00:00
7.755,87561.73581666664,2022-10-02 14:00:00
10.62,90057.67293666663,2022-10-02 15:00:00
6.21,92508.05231666668,2022-10-02 16:00:00
7.245,97271.08854666664,2022-10-02 17:00:00
5.22,97349.89324499998,2022-10-02 18:00:00
7.51,97092.19689,2022-10-02 19:00:00
7.765,98931.7657661017,2022-10-02 20:00:00
17.43,94272.09082166669,2022-10-02 21:00:00
5.11,129409.25762333335,2022-10-02 22:00:00
12.26,97720.33916833327,2022-10-02 23:00:00
8.535,93150.45618666668,2022-10-03 00:00:00
9.985,98406.27488,2022-10-03 01:00:00
11.715,93368.79278166663,2022-10-03 02:00:00
14.345,95356.68182241378,2022-10-03 03:00:00
6.485,89127.43074,2022-10-03 04:00:00
8.295,88719.02008666664,2022-10-03 05:00:00
8.45,83805.47876666667,2022-10-03 06:00:00
10.17,83123.581185,2022-10-03 07:00:00
9.165,81041.48535833332,2022-10-03 08:00:00
17.825,92951.73206,2022-10-03 09:00:00
9.01,91163.52187000004,2022-10-03 10:00:00
7.755,83037.95108333332,2022-10-03 11:00:00
12.81,87955.41124333332,2022-10-03 12:00:00
18.975,89900.0932333333,2022-10-03 13:00:00
27.535,84793.45317499999,2022-10-03 14:00:00
29.9,74281.00600666669,2022-10-03 15:00:00
38.05,77760.99471833334,2022-10-03 16:00:00
33.02,79291.50270666665,2022-10-03 17:00:00
26.06,97115.31244,2022-10-03 18:00:00
19.53,85909.83297499998,2022-10-03 19:00:00
19.965,96280.19251500002,2022-10-03 20:00:00
25.905,89360.70402999998,2022-10-03 21:00:00
27.78,93550.67552999998,2022-10-03 22:00:00
14.955,96131.93707118645,2022-10-03 23:00:00
12.675,104093.8724,2022-10-04 00:00:00
16.04,97335.32120999998,2022-10-04 01:00:00
11.685,102810.4079366667,2022-10-04 02:00:00
26.645,90752.37540344828,2022-10-04 03:00:00
17.3,98097.30784999995,2022-10-04 04:00:00
12.54,99966.56419666667,2022-10-04 05:00:00
8.44,111154.82008999996,2022-10-04 06:00:00
8.835,102611.11212666672,2022-10-04 07:00:00
8.715,96026.08181833332,2022-10-04 08:00:00
8.585,339538.34253666655,2022-10-04 09:00:00
7.615,100070.62460000002,2022-10-04 10:00:00
8.045,184129.9822416666,2022-10-04 11:00:00
10.095,93270.07192166663,2022-10-04 12:00:00
15.82,93384.98465166666,2022-10-04 13:00:00
24.675,89168.25061666666,2022-10-04 14:00:00
19.87,93464.47913166668,2022-10-04 15:00:00
49.5,90546.38157666668,2022-10-04 16:00:00
32.255,89268.73466000002,2022-10-04 17:00:00
31.195,96254.96999666668,2022-10-04 18:00:00
26.255,94714.80351166666,2022-10-04 19:00:00
43.365,92868.25908666669,2022-10-04 20:00:00
17.915,110048.81622666666,2022-10-04 21:00:00
18.48,101923.49900833335,2022-10-04 22:00:00
19.38,99751.26879666666,2022-10-04 23:00:00
11.51,103196.10321833332,2022-10-05 00:00:00
10.22,112332.43100833334,2022-10-05 01:00:00
9.765,122953.73994666662,2022-10-05 02:00:00
8.445,107942.16779310344,2022-10-05 03:00:00
10.815,103474.50354237284,2022-10-05 04:00:00
6.24,140535.04572,2022-10-05 05:00:00
6.035,119823.52037833333,2022-10-05 06:00:00
5.67,107676.21802,2022-10-05 07:00:00
5.945,94580.57000500002,2022-10-05 08:00:00
5.29,111094.3089116667,2022-10-05 09:00:00
8.58,96792.72444000002,2022-10-05 10:00:00
7.615,98691.31971166669,2022-10-05 11:00:00
14.47,90856.18339666665,2022-10-05 12:00:00
11.445,93422.581005,2022-10-05 13:00:00
23.33,91290.91134166668,2022-10-05 14:00:00
178.265,80791.61279666665,2022-10-05 15:00:00
49.385,86269.70655833335,2022-10-05 16:00:00
42.1,93781.78915666668,2022-10-05 17:00:00
28.715,96176.715605,2022-10-05 18:00:00
27.735,100990.61199666664,2022-10-05 19:00:00
27.83,102809.278855,2022-10-05 20:00:00
12.315,97119.964065,2022-10-05 21:00:00
64.755,96899.87767666669,2022-10-05 22:00:00
49.58,104336.20324666669,2022-10-05 23:00:00
10.115,111346.71325833334,2022-10-06 00:00:00
10.595,107933.947625,2022-10-06 01:00:00
9.145,105393.25651666666,2022-10-06 02:00:00
9.855,101396.98445166666,2022-10-06 03:00:00
5.69,95643.3402,2022-10-06 04:00:00
4.265,107155.94316333336,2022-10-06 05:00:00
9.145,110666.03678833334,2022-10-06 06:00:00
10.725,106686.952685,2022-10-06 07:00:00
9.5,95407.11650833332,2022-10-06 08:00:00
8.115,97320.79299999998,2022-10-06 09:00:00
5.97,118651.3512983333,2022-10-06 10:00:00
18.65,100878.06128666668,2022-10-06 11:00:00
15.505,85686.04983833332,2022-10-06 12:00:00
14.14,89083.4392283333,2022-10-06 13:00:00
19.485,86338.12991666663,2022-10-06 14:00:00
84.02,83321.83541333335,2022-10-06 15:00:00
48.54,96317.78033166668,2022-10-06 16:00:00
21.855,92773.73178833336,2022-10-06 17:00:00
15.385,92094.810755,2022-10-06 18:00:00
18.49,100964.46259333336,2022-10-06 19:00:00
22.795,98149.98017833334,2022-10-06 20:00:00
12.4,110972.54209333337,2022-10-06 21:00:00
7.685,105972.92685000002,2022-10-06 22:00:00
9.33,107673.93789499998,2022-10-06 23:00:00
6.77,113895.035955,2022-10-07 00:00:00
11.015,104200.02726166666,2022-10-07 01:00:00
14.5,106471.13140333332,2022-10-07 02:00:00
9.91,98950.5234827586,2022-10-07 03:00:00
6.11,98512.66067833334,2022-10-07 04:00:00
4.75,105595.49975833327,2022-10-07 05:00:00
7.05,97123.87538,2022-10-07 06:00:00
5.925,98122.89292666668,2022-10-07 07:00:00
6.23,127356.73490333336,2022-10-07 08:00:00
6.635,95680.09293333336,2022-10-07 09:00:00
5.755,91121.78283500002,2022-10-07 10:00:00
12.13,95142.060445,2022-10-07 11:00:00
15.87,90534.46134166668,2022-10-07 12:00:00
13.33,90396.80245333332,2022-10-07 13:00:00
23.19,89291.67385423728,2022-10-07 14:00:00
28.1,89182.46909333336,2022-10-07 15:00:00
36.255,97098.22503333338,2022-10-07 16:00:00
295.1,97678.307855,2022-10-07 17:00:00
12.865,100372.18608666668,2022-10-07 18:00:00
14.255,104675.25550166664,2022-10-07 19:00:00
9.595,96368.04550833334,2022-10-07 20:00:00
11.25,104082.05436666663,2022-10-07 21:00:00
16.52,109994.82371166669,2022-10-07 22:00:00
5.37,100318.38668,2022-10-07 23:00:00
6.515,101955.19172333334,2022-10-08 00:00:00
8.13,98407.9389283333,2022-10-08 01:00:00
15.065,97139.00315333335,2022-10-08 02:00:00
11.5,100172.9681966102,2022-10-08 03:00:00
14.0,92959.7877116667,2022-10-08 04:00:00
10.15,94492.02051999998,2022-10-08 05:00:00
7.88,97335.71432999996,2022-10-08 06:00:00
6.05,107715.2756633333,2022-10-08 07:00:00
5.8,96114.80675833332,2022-10-08 08:00:00
8.79,135199.3772457627,2022-10-08 09:00:00
7.285,105681.288015,2022-10-08 10:00:00
10.685,106907.16217000004,2022-10-08 11:00:00
9.385,88920.701645,2022-10-08 12:00:00
6.465,94073.32472500004,2022-10-08 13:00:00
9.61,91375.41518833334,2022-10-08 14:00:00
9.825,85350.922735,2022-10-08 15:00:00
15.6,84058.28017166666,2022-10-08 16:00:00
114.465,107858.04650333336,2022-10-08 17:00:00
92.035,97834.35850833332,2022-10-08 18:00:00
57.415,101761.01682999996,2022-10-08 19:00:00
44.115,98950.15681333332,2022-10-08 20:00:00
33.06,99816.939115,2022-10-08 21:00:00
27.245,102020.86704833334,2022-10-08 22:00:00
25.605,101584.36232,2022-10-08 23:00:00
23.47,102021.431345,2022-10-09 00:00:00
25.13,103975.88212333336,2022-10-09 01:00:00
28.85,108081.69277333331,2022-10-09 02:00:00
30.63,105158.3382964912,2022-10-09 03:00:00
28.01,105279.2364516666,2022-10-09 04:00:00
26.52,110196.35095333333,2022-10-09 05:00:00
33.23,112388.18175,2022-10-09 06:00:00
30.725,109889.104465,2022-10-09 07:00:00
32.72,112974.43298833336,2022-10-09 08:00:00
34.22,109257.49869333331,2022-10-09 09:00:00
27.33,100180.65295666666,2022-10-09 10:00:00
18.48,103371.7294466667,2022-10-09 11:00:00
21.765,104100.35251000004,2022-10-09 12:00:00
25.82,106214.08258833332,2022-10-09 13:00:00
36.09,90080.7064,2022-10-09 14:00:00
24.98,94392.62783000004,2022-10-09 15:00:00
20.71,97577.16883333336,2022-10-09 16:00:00
26.065,102263.22561666668,2022-10-09 17:00:00
26.97,104606.34563499998,2022-10-09 18:00:00
40.73,106419.929125,2022-10-09 19:00:00
57.345,102138.91280169488,2022-10-09 20:00:00
50.06,97772.78794666668,2022-10-09 21:00:00
32.99,105896.62949166664,2022-10-09 22:00:00
32.3,109632.73891166667,2022-10-09 23:00:00
29.88,106589.44950000005,2022-10-10 00:00:00
23.45,99709.13530166673,2022-10-10 01:00:00
34.1,105963.87169666664,2022-10-10 02:00:00
37.24,101999.31136551728,2022-10-10 03:00:00
39.91,97769.11518,2022-10-10 04:00:00
30.575,117603.13034333334,2022-10-10 05:00:00
30.12,121116.52982833332,2022-10-10 06:00:00
28.14,94769.27946166668,2022-10-10 07:00:00
32.34,95978.53264499998,2022-10-10 08:00:00
36.18,97956.31440333337,2022-10-10 09:00:00
37.245,141920.68464666666,2022-10-10 10:00:00
42.825,126796.0400745098,2022-10-10 11:00:00
42.825,126796.040075,2022-10-10 12:00:00
42.735,122050.875225,2022-10-10 13:00:00
45.04,90718.22740333337,2022-10-10 14:00:00
31.255,97962.65278666666,2022-10-10 15:00:00
46.05,98156.8902866667,2022-10-10 16:00:00
36.645,101519.67827333335,2022-10-10 17:00:00
37.93,115281.420285,2022-10-10 18:00:00
47.455,117066.34954166668,2022-10-10 19:00:00
42.67,129421.41554745764,2022-10-10 20:00:00
35.275,92777.89317,2022-10-10 21:00:00
32.485,101025.13789666668,2022-10-10 22:00:00
29.43,118602.19249999998,2022-10-10 23:00:00
34.485,109102.72755333336,2022-10-11 00:00:00
33.57,109429.26386,2022-10-11 01:00:00
32.79,96678.42698333334,2022-10-11 02:00:00
28.98,103580.89583620688,2022-10-11 03:00:00
25.315,104149.35198135594,2022-10-11 04:00:00
25.53,113347.58149999996,2022-10-11 05:00:00
26.18,106962.6484166667,2022-10-11 06:00:00
25.515,108997.00613999998,2022-10-11 07:00:00
26.525,100353.23571666663,2022-10-11 08:00:00
26.08,99435.1603583333,2022-10-11 09:00:00
26.375,110331.8131233333,2022-10-11 10:00:00
22.89,102174.96783,2022-10-11 11:00:00
24.76,109424.43567666666,2022-10-11 12:00:00
26.755,122857.28632500004,2022-10-11 13:00:00
26.125,93722.72701833332,2022-10-11 14:00:00
27.105,99479.14782166666,2022-10-11 15:00:00
33.03,97499.75656333336,2022-10-11 16:00:00
53.15,95450.95736031742,2022-10-11 17:00:00
28.47,100381.73050000003,2022-10-11 18:00:00
29.38,101186.3387566667,2022-10-11 19:00:00
30.185,99947.17957666668,2022-10-11 20:00:00
29.045,104443.85100333329,2022-10-11 21:00:00
26.345,101919.04187,2022-10-11 22:00:00
18.0,102715.67742999997,2022-10-11 23:00:00
21.68,103798.79659833334,2022-10-12 00:00:00
19.425,114933.3587733333,2022-10-12 01:00:00
34.665,120347.14794166666,2022-10-12 02:00:00
19.495,140020.71172931034,2022-10-12 03:00:00
26.425,116511.50647666663,2022-10-12 04:00:00
18.45,108983.63617833334,2022-10-12 05:00:00
18.26,112332.46257833336,2022-10-12 06:00:00
17.195,117042.77391166662,2022-10-12 07:00:00
16.615,105687.14770666671,2022-10-12 08:00:00
27.0,103002.68678500004,2022-10-12 09:00:00
19.18,110149.43362833334,2022-10-12 10:00:00
18.42,113547.54973999996,2022-10-12 11:00:00
19.78,94527.50928333332,2022-10-12 12:00:00
20.55,97177.18548999996,2022-10-12 13:00:00
71.185,90309.321025,2022-10-12 14:00:00
27.355,132531.0009366667,2022-10-12 15:00:00
19.31,99097.63915333334,2022-10-12 16:00:00
26.16,102071.10992,2022-10-12 17:00:00
68.5,128517.90521333327,2022-10-12 18:00:00
29.955,100727.12441833332,2022-10-12 19:00:00
18.16,140989.27438999998,2022-10-12 20:00:00
17.31,113964.34340333336,2022-10-12 21:00:00
16.43,114254.40372500004,2022-10-12 22:00:00
18.615,107199.89155999992,2022-10-12 23:00:00
23.45,107994.01249666662,2022-10-13 00:00:00
24.695,113248.76180833332,2022-10-13 01:00:00
18.74,108768.46909166667,2022-10-13 02:00:00
14.535,106444.96869824562,2022-10-13 03:00:00
33.115,112492.540425,2022-10-13 04:00:00
15.77,106583.93575833336,2022-10-13 05:00:00
21.0,102541.26804833334,2022-10-13 06:00:00
15.655,102149.09757,2022-10-13 07:00:00
11.67,96749.15325000002,2022-10-13 08:00:00
13.715,95380.37466833336,2022-10-13 09:00:00
22.715,93321.49250833334,2022-10-13 10:00:00
14.475,87890.92545833337,2022-10-13 11:00:00
46.855,97460.82519333332,2022-10-13 12:00:00
23.415,88911.63738166665,2022-10-13 13:00:00
62.905,91470.95980666668,2022-10-13 14:00:00
40.39,91919.28416,2022-10-13 15:00:00
47.7,89474.39880499998,2022-10-13 16:00:00
24.23,102719.24672166668,2022-10-13 17:00:00
22.55,96732.61459666664,2022-10-13 18:00:00
51.71,95189.32570833332,2022-10-13 19:00:00
285.5,99630.991165,2022-10-13 20:00:00
20.235,109582.23067833332,2022-10-13 21:00:00
20.83,131532.64086,2022-10-13 22:00:00
17.25,160195.7780233334,2022-10-13 23:00:00
14.005,112161.5282433333,2022-10-14 00:00:00
15.645,102307.12877500003,2022-10-14 01:00:00
13.045,105517.11038333332,2022-10-14 02:00:00
18.215,109715.59531896553,2022-10-14 03:00:00
22.515,119653.95617500004,2022-10-14 04:00:00
19.61,138082.1965220339,2022-10-14 05:00:00
21.61,125638.7453033333,2022-10-14 06:00:00
36.47,127122.77039666667,2022-10-14 07:00:00
22.27,102226.78644833333,2022-10-14 08:00:00
20.865,113499.20299999996,2022-10-14 09:00:00
16.055,122953.21097,2022-10-14 10:00:00
14.985,110457.72753166666,2022-10-14 11:00:00
31.42,92874.25450500003,2022-10-14 12:00:00
18.7,95359.43751,2022-10-14 13:00:00
19.02,92281.14707833338,2022-10-14 14:00:00
20.935,99516.76959333332,2022-10-14 15:00:00
22.39,97126.41631166666,2022-10-14 16:00:00
60.905,93223.59495666668,2022-10-14 17:00:00
20.295,104003.37372999996,2022-10-14 18:00:00
29.11,119505.82704,2022-10-14 19:00:00
25.145,123974.24103,2022-10-14 20:00:00
31.98,124662.50322499998,2022-10-14 21:00:00
15.42,114956.44185666669,2022-10-14 22:00:00
19.91,139066.54696166667,2022-10-14 23:00:00
15.99,122657.51093833332,2022-10-15 00:00:00
15.98,114853.512725,2022-10-15 01:00:00
22.94,74111.82075833334,2022-10-15 02:00:00
16.935,161715.60968965513,2022-10-15 03:00:00
16.785,147434.7451166667,2022-10-15 04:00:00
16.455,150906.7086116667,2022-10-15 05:00:00
19.225,134384.05247833335,2022-10-15 06:00:00
15.615,114792.821865,2022-10-15 07:00:00
16.615,112670.81545084744,2022-10-15 08:00:00
16.7,120226.70931666665,2022-10-15 09:00:00
16.47,119457.01198666666,2022-10-15 10:00:00
17.355,127764.60324833334,2022-10-15 11:00:00
17.19,116356.58688999998,2022-10-15 12:00:00
18.075,108447.196055,2022-10-15 13:00:00
18.28,106219.36078666664,2022-10-15 14:00:00
21.97,104482.87640333326,2022-10-15 15:00:00
23.76,111336.81469833334,2022-10-15 16:00:00
18.15,113120.64348999996,2022-10-15 17:00:00
17.705,121659.73372000006,2022-10-15 18:00:00
17.21,111042.73376999998,2022-10-15 19:00:00
36.4,100727.34387166664,2022-10-15 20:00:00
19.025,102969.08515166667,2022-10-15 21:00:00
17.61,116142.31399666668,2022-10-15 22:00:00
16.115,123347.17254499998,2022-10-15 23:00:00
46.07,108908.78181833334,2022-10-16 00:00:00
22.815,122104.98726,2022-10-16 01:00:00
24.02,118806.744505,2022-10-16 02:00:00
14.915,125506.9163625,2022-10-16 03:00:00
16.34,123030.199385,2022-10-16 04:00:00
18.52,152202.527795,2022-10-16 05:00:00
13.325,125858.19149833336,2022-10-16 06:00:00
15.8,142473.02280666665,2022-10-16 07:00:00
12.485,147325.73673833333,2022-10-16 08:00:00
14.005,125751.25197333332,2022-10-16 09:00:00
13.365,129832.90258166664,2022-10-16 10:00:00
12.8,132310.92591000005,2022-10-16 11:00:00
16.965,110967.56146500004,2022-10-16 12:00:00
17.34,121688.51751666664,2022-10-16 13:00:00
13.705,113339.71803666666,2022-10-16 14:00:00
14.535,126803.01848474576,2022-10-16 15:00:00
16.325,121020.1868683333,2022-10-16 16:00:00
27.755,115810.03906833335,2022-10-16 17:00:00
67.58,109834.60032999996,2022-10-16 18:00:00
34.0,106910.02716101696,2022-10-16 19:00:00
21.645,112335.01815333332,2022-10-16 20:00:00
18.445,106040.732205,2022-10-16 21:00:00
15.28,113942.10197333334,2022-10-16 22:00:00
13.38,127944.69380000002,2022-10-16 23:00:00
14.02,124093.53470333335,2022-10-17 00:00:00
15.23,115519.28429166664,2022-10-17 01:00:00
12.9,112231.85753333336,2022-10-17 02:00:00
16.915,132569.40353684215,2022-10-17 03:00:00
13.455,126566.4206166667,2022-10-17 04:00:00
11.925,122471.05972166664,2022-10-17 05:00:00
12.77,110898.81948666666,2022-10-17 06:00:00
12.8,104444.74030666664,2022-10-17 07:00:00
14.75,112735.70526666672,2022-10-17 08:00:00
12.82,115269.49935333338,2022-10-17 09:00:00
12.605,117787.18838833336,2022-10-17 10:00:00
18.78,105494.267435,2022-10-17 11:00:00
20.62,101658.42323166667,2022-10-17 12:00:00
31.365,100134.62009333336,2022-10-17 13:00:00
29.13,96972.15973166664,2022-10-17 14:00:00
42.91,86739.77116333335,2022-10-17 15:00:00
42.91,92999.14837,2022-10-17 16:00:00
41.4,98002.6747833333,2022-10-17 17:00:00
44.345,93695.89775000003,2022-10-17 18:00:00
30.515,105886.29728983049,2022-10-17 19:00:00
37.955,107248.394785,2022-10-17 20:00:00
29.925,100071.31567833335,2022-10-17 21:00:00
167.975,93557.96183833334,2022-10-17 22:00:00
22.705,107675.34231166664,2022-10-17 23:00:00
19.27,102627.01575833332,2022-10-18 00:00:00
39.92,111662.60773500004,2022-10-18 01:00:00
17.645,118059.04697666664,2022-10-18 02:00:00
37.335,104009.03957931034,2022-10-18 03:00:00
20.245,108455.63672333331,2022-10-18 04:00:00
22.145,115767.20450833328,2022-10-18 05:00:00
14.24,129573.75651166664,2022-10-18 06:00:00
26.76,138077.992035,2022-10-18 07:00:00
17.26,111858.81576166672,2022-10-18 08:00:00
30.415,122168.06869333336,2022-10-18 09:00:00
21.63,131773.76131166666,2022-10-18 10:00:00
15.21,114337.14787333336,2022-10-18 11:00:00
16.2,99860.83823333334,2022-10-18 12:00:00
20.18,94897.251965,2022-10-18 13:00:00
111.6,89512.52461333334,2022-10-18 14:00:00
70.11,93640.27976666667,2022-10-18 15:00:00
33.495,96443.71931166665,2022-10-18 16:00:00
131.635,99653.47688833336,2022-10-18 17:00:00
36.97,111347.78080338983,2022-10-18 18:00:00
28.905,116761.99307000004,2022-10-18 19:00:00
97.99,108486.52510500002,2022-10-18 20:00:00
32.43,108091.949265,2022-10-18 21:00:00
27.775,115099.15493870972,2022-10-18 22:00:00
27.56,108691.18519180332,2022-10-18 23:00:00
19.77,106516.52501833333,2022-10-19 00:00:00
17.94,109182.71248360658,2022-10-19 01:00:00
24.76,117715.21160166666,2022-10-19 02:00:00
24.92,116072.23039137929,2022-10-19 03:00:00
16.24,183310.09350666663,2022-10-19 04:00:00
15.83,115013.36263499998,2022-10-19 05:00:00
15.54,117063.76117333332,2022-10-19 06:00:00
15.995,129954.32276833335,2022-10-19 07:00:00
21.43,130546.68417166664,2022-10-19 08:00:00
16.385,128377.54929500002,2022-10-19 09:00:00
16.84,163351.90496499997,2022-10-19 10:00:00
15.285,140376.15181500002,2022-10-19 11:00:00
40.375,110365.49754833335,2022-10-19 12:00:00
36.13,101386.8110733334,2022-10-19 13:00:00
28.22,101394.29669666664,2022-10-19 14:00:00
43.01,93229.10570833331,2022-10-19 15:00:00
27.17,99389.74209333332,2022-10-19 16:00:00
73.325,72655.57159000002,2022-10-19 17:00:00
45.455,74847.97393166665,2022-10-19 18:00:00
60.625,81382.56088666666,2022-10-19 19:00:00
37.81,93212.26851333334,2022-10-19 20:00:00
47.98,95475.90404833332,2022-10-19 21:00:00
48.89,98400.67011833334,2022-10-19 22:00:00
27.515,109830.00492500002,2022-10-19 23:00:00
25.015,105178.03095254237,2022-10-20 00:00:00
31.19,107109.89020666668,2022-10-20 01:00:00
20.51,88065.28102166668,2022-10-20 02:00:00
19.745,94333.1536534483,2022-10-20 03:00:00
19.84,99973.27676333331,2022-10-20 04:00:00
19.205,109486.03490833331,2022-10-20 05:00:00
21.545,98036.411245,2022-10-20 06:00:00
21.53,93810.02167,2022-10-20 07:00:00
21.19,94049.22918166668,2022-10-20 08:00:00
20.555,103900.00484833337,2022-10-20 09:00:00
21.24,96190.01828999998,2022-10-20 10:00:00
21.675,97013.74649999998,2022-10-20 11:00:00
49.145,96810.53036000003,2022-10-20 12:00:00
73.77,89847.37103000001,2022-10-20 13:00:00
48.255,86478.97450000003,2022-10-20 14:00:00
49.455,89958.50914237289,2022-10-20 15:00:00
57.72,94714.02921833332,2022-10-20 16:00:00
67.49,88692.0097816667,2022-10-20 17:00:00
37.335,98459.847605,2022-10-20 18:00:00
40.795,100516.44403333332,2022-10-20 19:00:00
44.425,100914.48026333332,2022-10-20 20:00:00
33.645,107904.61257166664,2022-10-20 21:00:00
54.435,117073.41245,2022-10-20 22:00:00
44.67,100311.03236833333,2022-10-20 23:00:00
22.88,101205.95509833332,2022-10-21 00:00:00
20.405,110118.308405,2022-10-21 01:00:00
39.175,130728.80899499998,2022-10-21 02:00:00
20.805,130780.52159999996,2022-10-21 03:00:00
22.955,106939.976835,2022-10-21 04:00:00
74.0,108706.68285833336,2022-10-21 05:00:00
20.765,100437.73354333336,2022-10-21 06:00:00
22.14,105468.94881000002,2022-10-21 07:00:00
25.95,106401.93315166669,2022-10-21 08:00:00
22.37,99521.87958500002,2022-10-21 09:00:00
23.015,94005.69622666664,2022-10-21 10:00:00
27.585,85064.83863166664,2022-10-21 11:00:00
25.59,96742.73665666668,2022-10-21 12:00:00
31.3,96328.7454016667,2022-10-21 13:00:00
37.68,88480.27460666666,2022-10-21 14:00:00
46.405,93149.846115,2022-10-21 15:00:00
60.975,99174.29747833336,2022-10-21 16:00:00
81.685,104836.11124166667,2022-10-21 17:00:00
62.19,99618.69094000004,2022-10-21 18:00:00
43.73,94830.56969499998,2022-10-21 19:00:00
30.215,104983.63238,2022-10-21 20:00:00
39.175,106815.24884500004,2022-10-21 21:00:00
39.445,110836.00229,2022-10-21 22:00:00
42.75,104320.64678166664,2022-10-21 23:00:00
19.655,116029.12466999998,2022-10-22 00:00:00
20.515,117276.68100833333,2022-10-22 01:00:00
18.055,136556.95260166668,2022-10-22 02:00:00
18.375,160186.57975964912,2022-10-22 03:00:00
21.04,131037.96510333336,2022-10-22 04:00:00
21.93,159236.29673166666,2022-10-22 05:00:00
18.02,207694.5727833333,2022-10-22 06:00:00
16.85,158571.88384499995,2022-10-22 07:00:00
18.975,131559.6684266667,2022-10-22 08:00:00
16.43,174287.726005,2022-10-22 09:00:00
17.785,155809.56509999998,2022-10-22 10:00:00
27.825,136059.44536333333,2022-10-22 11:00:00
18.705,115006.60674,2022-10-22 12:00:00
22.82,121908.60456166664,2022-10-22 13:00:00
28.07,119737.80994833332,2022-10-22 14:00:00
25.375,117211.06309000004,2022-10-22 15:00:00
22.61,102628.74834333334,2022-10-22 16:00:00
32.48,114398.85331333334,2022-10-22 17:00:00
28.09,114795.267185,2022-10-22 18:00:00
23.835,131806.03526833333,2022-10-22 19:00:00
22.025,127109.41495833336,2022-10-22 20:00:00
16.57,125121.92620499992,2022-10-22 21:00:00
15.3,149685.015255,2022-10-22 22:00:00
15.32,128084.91076833331,2022-10-22 23:00:00
14.235,149723.94948833334,2022-10-23 00:00:00
13.315,126078.56051833332,2022-10-23 01:00:00
12.49,138314.69108333334,2022-10-23 02:00:00
12.465,130268.0077,2022-10-23 03:00:00
12.785,141361.00652666666,2022-10-23 04:00:00
27.24,140493.88572500003,2022-10-23 05:00:00
16.945,138930.42772666668,2022-10-23 06:00:00
12.7,117812.7123066667,2022-10-23 07:00:00
11.405,142444.56506166662,2022-10-23 08:00:00
12.355,134602.0876933333,2022-10-23 09:00:00
11.36,115397.26991833332,2022-10-23 10:00:00
12.41,111792.98434333334,2022-10-23 11:00:00
14.885,104725.678445,2022-10-23 12:00:00
20.02,107459.11923333332,2022-10-23 13:00:00
17.61,99899.16323333334,2022-10-23 14:00:00
14.215,110151.20466333334,2022-10-23 15:00:00
19.185,109865.8127233333,2022-10-23 16:00:00
19.0,114476.98586500004,2022-10-23 17:00:00
75.15,102325.38990333331,2022-10-23 18:00:00
17.18,104483.07030499996,2022-10-23 19:00:00
14.31,105729.69673728808,2022-10-23 20:00:00
12.775,104326.41575500002,2022-10-23 21:00:00
14.965,112921.71340500002,2022-10-23 22:00:00
11.525,155795.44846833328,2022-10-23 23:00:00
16.895,131260.51882786886,2022-10-24 00:00:00
28.275,105456.382485,2022-10-24 01:00:00
12.83,122423.6786566667,2022-10-24 02:00:00
13.49,130799.00108245612,2022-10-24 03:00:00
11.885,166629.52267666665,2022-10-24 04:00:00
16.25,117668.38126333336,2022-10-24 05:00:00
13.555,143517.89381333333,2022-10-24 06:00:00
12.375,126670.35129999998,2022-10-24 07:00:00
13.29,127086.7144266667,2022-10-24 08:00:00
11.0,134454.21995333332,2022-10-24 09:00:00
14.055,129227.00451833331,2022-10-24 10:00:00
13.29,135546.46894833335,2022-10-24 11:00:00
13.715,123063.05859666664,2022-10-24 12:00:00
55.87,97962.78042166668,2022-10-24 13:00:00
55.79,110169.11150166667,2022-10-24 14:00:00
70.27,97397.66541999998,2022-10-24 15:00:00
45.67,102077.233825,2022-10-24 16:00:00
46.535,102328.78465500004,2022-10-24 17:00:00
43.485,90757.78634000004,2022-10-24 18:00:00
30.615,101440.14779499995,2022-10-24 19:00:00
16.86,100839.20118833332,2022-10-24 20:00:00
15.435,114441.12708000003,2022-10-24 21:00:00
14.475,147739.14678166667,2022-10-24 22:00:00
12.69,122232.207155,2022-10-24 23:00:00
15.365,119748.67932833334,2022-10-25 00:00:00
23.0,111291.92430333328,2022-10-25 01:00:00
13.6,121285.82808666668,2022-10-25 02:00:00
13.945,111925.82312931032,2022-10-25 03:00:00
15.13,128987.22050500002,2022-10-25 04:00:00
12.385,133011.42508833337,2022-10-25 05:00:00
12.235,121452.53176166664,2022-10-25 06:00:00
11.75,126373.863625,2022-10-25 07:00:00
13.79,115367.53317166668,2022-10-25 08:00:00
11.295,128694.26682333332,2022-10-25 09:00:00
12.075,105196.59018666668,2022-10-25 10:00:00
11.045,109609.09368333333,2022-10-25 11:00:00
12.925,97082.38969333336,2022-10-25 12:00:00
31.65,103767.68303499998,2022-10-25 13:00:00
71.29,93750.29813793102,2022-10-25 14:00:00
30.435,96671.4815857143,2022-10-25 15:00:00
26.64,97231.40855454546,2022-10-25 16:00:00
77.975,93132.81114333333,2022-10-25 17:00:00
41.11,96727.48698499998,2022-10-25 18:00:00
39.54,95952.37916833334,2022-10-25 19:00:00
38.32,100039.98351333333,2022-10-25 20:00:00
23.58,102654.9660466666,2022-10-25 21:00:00
67.48,105314.33146499998,2022-10-25 22:00:00
16.98,111199.52789333332,2022-10-25 23:00:00
15.37,104804.98867833332,2022-10-26 00:00:00
14.675,117609.50475932204,2022-10-26 01:00:00
17.25,182673.25489500005,2022-10-26 02:00:00
12.315,111259.738595,2022-10-26 03:00:00
12.595,124991.97187413796,2022-10-26 04:00:00
10.68,124467.55062333331,2022-10-26 05:00:00
10.94,99595.72427999998,2022-10-26 06:00:00
12.84,108329.77453666663,2022-10-26 07:00:00
18.725,115004.269945,2022-10-26 08:00:00
13.61,110765.30380166668,2022-10-26 09:00:00
11.64,105778.04752333333,2022-10-26 10:00:00
13.86,113412.98864833334,2022-10-26 11:00:00
14.605,93754.15265833332,2022-10-26 12:00:00
22.715,93535.34460666664,2022-10-26 13:00:00
39.58,89370.59307499998,2022-10-26 14:00:00
113.01,86859.34250333333,2022-10-26 15:00:00
23.855,94244.09796833334,2022-10-26 16:00:00
30.45,97422.48051000004,2022-10-26 17:00:00
29.6,93583.731215,2022-10-26 18:00:00
24.325,102846.90684499998,2022-10-26 19:00:00
24.995,100107.88853833333,2022-10-26 20:00:00
47.095,100881.47468333336,2022-10-26 21:00:00
15.795,101986.31702166668,2022-10-26 22:00:00
31.93,103135.90980333331,2022-10-26 23:00:00
11.81,108246.3967816667,2022-10-27 00:00:00
11.95,107589.40054166668,2022-10-27 01:00:00
10.855,114195.4964509091,2022-10-27 02:00:00
12.1331,117998.5829736842,2022-10-27 03:00:00
10.314,120357.37308833336,2022-10-27 04:00:00
9.6831,140926.26492000002,2022-10-27 05:00:00
10.2857,131953.05022,2022-10-27 06:00:00
17.4423,103837.01277666666,2022-10-27 07:00:00
17.5763,118981.92841833332,2022-10-27 08:00:00
18.323,112451.51289,2022-10-27 09:00:00
15.5394,107622.52744,2022-10-27 10:00:00
14.3889,104095.57319833334,2022-10-27 11:00:00
16.1641,110990.182595,2022-10-27 12:00:00
21.0,99581.68123333334,2022-10-27 13:00:00
20.804,91711.19904333333,2022-10-27 14:00:00
21.6677,90208.64342499996,2022-10-27 15:00:00
19.4563,97062.2046,2022-10-27 16:00:00
25.0633,89595.74665666666,2022-10-27 17:00:00
27.9886,87331.14787833336,2022-10-27 18:00:00
27.9238,90231.70391999996,2022-10-27 19:00:00
27.7281,91125.59983833336,2022-10-27 20:00:00
14.7464,98302.43005166664,2022-10-27 21:00:00
17.2412,99931.33839333332,2022-10-27 22:00:00
17.3727,106937.20814,2022-10-27 23:00:00
11.6433,112489.77458166664,2022-10-28 00:00:00
11.3381,109202.8521666667,2022-10-28 01:00:00
22.4491,115770.45002833336,2022-10-28 02:00:00
14.1314,108597.54473157894,2022-10-28 03:00:00
12.4885,102387.85012881354,2022-10-28 04:00:00
10.8191,120446.95233833336,2022-10-28 05:00:00
10.7444,102582.480525,2022-10-28 06:00:00
10.7796,114151.15371666668,2022-10-28 07:00:00
10.6073,105042.89681166668,2022-10-28 08:00:00
20.6219,103859.27346999996,2022-10-28 09:00:00
13.7739,115776.07345333332,2022-10-28 10:00:00
9.9025,136690.24211000002,2022-10-28 11:00:00
13.7593,109312.07492999996,2022-10-28 12:00:00
17.7401,100347.94018833332,2022-10-28 13:00:00
21.1599,93880.16562833334,2022-10-28 14:00:00
23.8787,95732.36284333334,2022-10-28 15:00:00
56.2886,92425.34896666669,2022-10-28 16:00:00
47.1497,113955.09155166669,2022-10-28 17:00:00
23.1247,107657.766635,2022-10-28 18:00:00
42.6934,110067.01799999998,2022-10-28 19:00:00
43.4059,106426.74558333332,2022-10-28 20:00:00
25.4712,111602.68844333327,2022-10-28 21:00:00
24.19,108238.21553,2022-10-28 22:00:00
28.3917,110526.64327288137,2022-10-28 23:00:00
12.4048,124136.86667,2022-10-29 00:00:00
9.9545,124932.34191833336,2022-10-29 01:00:00
9.6701,129707.85172999998,2022-10-29 02:00:00
9.4483,125027.22761896548,2022-10-29 03:00:00
11.8109,162043.9863266667,2022-10-29 04:00:00
9.4273,139788.46289333334,2022-10-29 05:00:00
8.764,125023.75769333332,2022-10-29 06:00:00
9.722,129494.08614833334,2022-10-29 07:00:00
13.8085,112344.79685833336,2022-10-29 08:00:00
10.5474,105536.13893220336,2022-10-29 09:00:00
13.908,114251.31013166669,2022-10-29 10:00:00
22.4402,110962.35692166664,2022-10-29 11:00:00
21.4306,104784.77418500005,2022-10-29 12:00:00
37.5129,96397.23959833334,2022-10-29 13:00:00
21.0781,97373.50952500002,2022-10-29 14:00:00
14.7751,102511.28238333334,2022-10-29 15:00:00
22.9484,98784.27717499998,2022-10-29 16:00:00
34.7863,101228.66709333337,2022-10-29 17:00:00
31.4237,98023.34913333334,2022-10-29 18:00:00
14.7897,102508.16896333332,2022-10-29 19:00:00
16.8506,97698.58677500002,2022-10-29 20:00:00
21.5566,109989.48566666667,2022-10-29 21:00:00
9.8758,106385.71330333334,2022-10-29 22:00:00
8.7986,123718.881225,2022-10-29 23:00:00
9.5449,135808.7877566667,2022-10-30 00:00:00
8.6741,119792.83480500002,2022-10-30 01:00:00
8.714,110949.92880166664,2022-10-30 02:00:00
28.655,106797.37165714284,2022-10-30 03:00:00
9.7786,148262.34164833324,2022-10-30 04:00:00
14.8934,140897.50211833333,2022-10-30 05:00:00
8.4222,137836.25070500004,2022-10-30 06:00:00
8.6283,163094.58294500003,2022-10-30 07:00:00
10.3293,128214.42586166666,2022-10-30 08:00:00
7.8861,139620.40306500002,2022-10-30 09:00:00
8.1989,136017.92795333333,2022-10-30 10:00:00
7.41,123153.00259666669,2022-10-30 11:00:00
8.9125,102802.61179166668,2022-10-30 12:00:00
18.7525,95662.399565,2022-10-30 13:00:00
11.5428,97084.69027666668,2022-10-30 14:00:00
9.2908,98154.641465,2022-10-30 15:00:00
11.3076,100347.19446949151,2022-10-30 16:00:00
12.3422,91685.78502166666,2022-10-30 17:00:00
9.9102,104159.01051666668,2022-10-30 18:00:00
9.3697,98797.18798333334,2022-10-30 19:00:00
12.3061,102766.425885,2022-10-30 20:00:00
8.4778,102999.72185166668,2022-10-30 21:00:00
11.1166,109660.80707,2022-10-30 22:00:00
7.9074,130040.54554499996,2022-10-30 23:00:00
22.7097,118687.68942000004,2022-10-31 00:00:00
7.6578,122530.33096333338,2022-10-31 01:00:00
9.3682,136103.10093166668,2022-10-31 02:00:00
11.9291,125027.4664526316,2022-10-31 03:00:00
10.2023,132088.2758233334,2022-10-31 04:00:00
7.983,144141.72264,2022-10-31 05:00:00
7.375,162186.60365166672,2022-10-31 06:00:00
7.0897,105651.67789,2022-10-31 07:00:00
6.7861,104173.83306333335,2022-10-31 08:00:00
13.9748,96190.93390166666,2022-10-31 09:00:00
11.2373,94939.71804000002,2022-10-31 10:00:00
39.0339,154001.82345333337,2022-10-31 11:00:00
34.307,108191.4472733333,2022-10-31 12:00:00
79.5694,103298.66468833336,2022-10-31 13:00:00
45.5119,90248.83714499998,2022-10-31 14:00:00
94.9026,84229.71043833335,2022-10-31 15:00:00
23.8209,86684.25420166667,2022-10-31 16:00:00
75.4637,119630.13354333329,2022-10-31 17:00:00
50.5349,108634.95781166668,2022-10-31 18:00:00
27.0274,105069.01534333332,2022-10-31 19:00:00
30.0,97913.96038,2022-10-31 20:00:00
62.6492,104855.5049883333,2022-10-31 21:00:00
17.3878,101556.536235,2022-10-31 22:00:00
26.8369,100027.51133833337,2022-10-31 23:00:00
16.8987,110115.76609166664,2022-11-01 00:00:00
18.4229,122763.7991716667,2022-11-01 01:00:00
10.429,100404.91083333334,2022-11-01 02:00:00
12.1391,107419.12825818176,2022-11-01 03:00:00
15.8384,111418.62535000005,2022-11-01 04:00:00
11.5115,116821.50015666668,2022-11-01 05:00:00
10.6032,131768.57387833332,2022-11-01 06:00:00
9.6639,116922.80926333334,2022-11-01 07:00:00
9.5236,133296.7047733334,2022-11-01 08:00:00
9.8866,105102.56888999998,2022-11-01 09:00:00
13.5493,109139.37661500002,2022-11-01 10:00:00
10.033,100181.43814500002,2022-11-01 11:00:00
18.6185,99812.00471833332,2022-11-01 12:00:00
14.1409,101331.57234666673,2022-11-01 13:00:00
28.3634,113006.50773666664,2022-11-01 14:00:00
59.8475,98437.87201333334,2022-11-01 15:00:00
21.3094,92025.97023,2022-11-01 16:00:00
23.5905,99719.92092203394,2022-11-01 17:00:00
16.178,101451.49444833334,2022-11-01 18:00:00
15.9613,108304.70570333333,2022-11-01 19:00:00
19.2431,103009.04958666668,2022-11-01 20:00:00
19.4905,105074.93091333332,2022-11-01 21:00:00
11.4527,112729.840135,2022-11-01 22:00:00
11.0377,121989.47298666666,2022-11-01 23:00:00
12.2089,133699.97350999998,2022-11-02 00:00:00
11.4939,130129.71663999996,2022-11-02 01:00:00
14.113,117484.08480833335,2022-11-02 02:00:00
13.6244,122660.10541052636,2022-11-02 03:00:00
11.4706,141545.56234166663,2022-11-02 04:00:00
11.0383,134594.6806,2022-11-02 05:00:00
10.332,140396.67980333336,2022-11-02 06:00:00
11.4337,125677.89265333331,2022-11-02 07:00:00
11.2465,133017.08922833332,2022-11-02 08:00:00
11.1786,120376.29839000004,2022-11-02 09:00:00
12.8148,118036.64382666668,2022-11-02 10:00:00
10.7662,127139.03833333334,2022-11-02 11:00:00
10.9733,128789.94518166666,2022-11-02 12:00:00
12.573,109152.80355333336,2022-11-02 13:00:00
13.0497,99342.47794333336,2022-11-02 14:00:00
15.746,99907.63510666668,2022-11-02 15:00:00
56.4221,89530.57315666667,2022-11-02 16:00:00
24.6702,93927.27203,2022-11-02 17:00:00
39.9359,98105.10653999998,2022-11-02 18:00:00
35.5603,107565.93630833332,2022-11-02 19:00:00
21.9052,102538.11582333333,2022-11-02 20:00:00
20.2828,104816.6506,2022-11-02 21:00:00
17.4452,135655.63348999998,2022-11-02 22:00:00
15.784,145421.0687433333,2022-11-02 23:00:00
16.0838,166676.60303500004,2022-11-03 00:00:00
15.4575,129930.308779661,2022-11-03 01:00:00
15.2685,130826.20246000004,2022-11-03 02:00:00
15.7769,120135.6549614035,2022-11-03 03:00:00
14.3739,159410.65338999993,2022-11-03 04:00:00
14.2083,184705.62852833333,2022-11-03 05:00:00
14.8028,157120.45328166665,2022-11-03 06:00:00
18.4815,98100.42641166665,2022-11-03 07:00:00
29.6363,76253.73374166666,2022-11-03 08:00:00
27.3966,92759.94426166666,2022-11-03 09:00:00
21.1602,88945.10994666668,2022-11-03 10:00:00
16.8093,121404.94338166666,2022-11-03 11:00:00
15.7471,114508.7595483333,2022-11-03 12:00:00
17.6343,112572.82765,2022-11-03 13:00:00
23.423,88747.33533500003,2022-11-03 14:00:00
23.4966,89726.79976499997,2022-11-03 15:00:00
23.4966,84853.34961666672,2022-11-03 16:00:00
33.4337,99596.27958166663,2022-11-03 17:00:00
26.7804,101682.50904500004,2022-11-03 18:00:00
26.2482,113793.18774999995,2022-11-03 19:00:00
35.7473,107728.01925409834,2022-11-03 20:00:00
20.7512,108406.70762166665,2022-11-03 21:00:00
18.0557,111532.01213898306,2022-11-03 22:00:00
16.406,122725.02564999997,2022-11-03 23:00:00
14.5299,118050.15413050854,2022-11-04 00:00:00
15.1698,115603.23057166672,2022-11-04 01:00:00
14.435,135804.34000166666,2022-11-04 02:00:00
15.8584,148622.7893614035,2022-11-04 03:00:00
17.9473,185147.0142516667,2022-11-04 04:00:00
14.8704,185123.61710166663,2022-11-04 05:00:00
15.7221,182933.97599,2022-11-04 06:00:00
15.527,128348.8713566666,2022-11-04 07:00:00
15.2937,125287.41037000004,2022-11-04 08:00:00
15.1849,129937.62272999996,2022-11-04 09:00:00
14.5,124379.89716833332,2022-11-04 10:00:00
13.4677,115207.00475166668,2022-11-04 11:00:00
15.2213,107972.02860500004,2022-11-04 12:00:00
28.1358,98601.69139333333,2022-11-04 13:00:00
37.7269,92160.92580333336,2022-11-04 14:00:00
28.1482,122274.72159000004,2022-11-04 15:00:00
27.2579,91442.90361666666,2022-11-04 16:00:00
22.2904,98245.17139166663,2022-11-04 17:00:00
25.388,105718.72946949152,2022-11-04 18:00:00
21.2878,107943.13647166666,2022-11-04 19:00:00
22.105,111095.23837166662,2022-11-04 20:00:00
20.803,130132.24838333334,2022-11-04 21:00:00
15.2852,123954.17505333333,2022-11-04 22:00:00
12.9097,117525.223075,2022-11-04 23:00:00
14.356,107917.31678833332,2022-11-05 00:00:00
15.8136,130301.24840500003,2022-11-05 01:00:00
14.266,136184.94155333337,2022-11-05 02:00:00
18.7547,134211.18291929824,2022-11-05 03:00:00
15.1166,147475.19039833333,2022-11-05 04:00:00
13.3128,173574.49002666667,2022-11-05 05:00:00
12.6137,140718.7488483333,2022-11-05 06:00:00
12.6093,124634.47671666672,2022-11-05 07:00:00
12.6474,118709.52092,2022-11-05 08:00:00
13.0642,127522.23107833337,2022-11-05 09:00:00
12.9513,144245.6373216667,2022-11-05 10:00:00
12.7408,118616.25232333332,2022-11-05 11:00:00
14.5407,118698.46267666663,2022-11-05 12:00:00
12.5757,117131.44918833332,2022-11-05 13:00:00
13.3576,109019.86117833332,2022-11-05 14:00:00
14.8531,106948.625445,2022-11-05 15:00:00
13.0147,107026.84408000002,2022-11-05 16:00:00
12.8444,111669.54155833328,2022-11-05 17:00:00
16.8668,119958.1029566667,2022-11-05 18:00:00
15.256,115321.28300166664,2022-11-05 19:00:00
12.3162,161729.33124333338,2022-11-05 20:00:00
11.8235,140628.60800666662,2022-11-05 21:00:00
11.6537,142393.69385166667,2022-11-05 22:00:00
11.3319,145816.90521000003,2022-11-05 23:00:00
10.662,145137.59414499995,2022-11-06 00:00:00
11.4947,167116.81411333333,2022-11-06 01:00:00
10.7613,189059.76791999995,2022-11-06 02:00:00
15.11,206734.9555722222,2022-11-06 03:00:00
15.4198,159979.77314,2022-11-06 04:00:00
11.8756,184429.9662966666,2022-11-06 05:00:00
10.9174,173746.85290999996,2022-11-06 06:00:00
11.096,153319.64485666665,2022-11-06 07:00:00
10.4595,137526.01189999998,2022-11-06 08:00:00
11.5517,189116.93333333344,2022-11-06 09:00:00
10.9459,171090.59797166663,2022-11-06 10:00:00
11.0611,141124.86614333335,2022-11-06 11:00:00
19.7294,114658.18915000002,2022-11-06 12:00:00
17.9293,110476.45849333335,2022-11-06 13:00:00
14.1174,101033.68942333329,2022-11-06 14:00:00
13.2157,100925.31636333332,2022-11-06 15:00:00
17.1521,98350.2384666667,2022-11-06 16:00:00
16.0249,99727.88006833335,2022-11-06 17:00:00
16.3244,100203.575285,2022-11-06 18:00:00
17.3935,99501.71119333332,2022-11-06 19:00:00
12.3243,121595.125725,2022-11-06 20:00:00
11.9367,108644.69651166664,2022-11-06 21:00:00
11.7049,115552.44586833332,2022-11-06 22:00:00
16.2845,103652.222025,2022-11-06 23:00:00
13.1042,120312.159035,2022-11-07 00:00:00
19.6,115010.49939999996,2022-11-07 01:00:00
11.9676,120533.70639500002,2022-11-07 02:00:00
13.0692,118506.27089298244,2022-11-07 03:00:00
11.8498,186969.24025084745,2022-11-07 04:00:00
14.7692,111735.08938666667,2022-11-07 05:00:00
11.8284,116550.79370666668,2022-11-07 06:00:00
12.0236,115857.48613499998,2022-11-07 07:00:00
12.4335,108859.75437,2022-11-07 08:00:00
12.6437,106164.48269666666,2022-11-07 09:00:00
12.1323,109559.81489666663,2022-11-07 10:00:00
12.7667,135624.58716999998,2022-11-07 11:00:00
21.1467,99421.31731666668,2022-11-07 12:00:00
31.4181,94048.4637366667,2022-11-07 13:00:00
61.1195,80581.23352666668,2022-11-07 14:00:00
26.8586,90862.09467000002,2022-11-07 15:00:00
29.8892,93377.82206166664,2022-11-07 16:00:00
21.5976,94528.74997833336,2022-11-07 17:00:00
25.8247,93154.20710666664,2022-11-07 18:00:00
23.9082,96395.05680666665,2022-11-07 19:00:00
47.1115,98134.803235,2022-11-07 20:00:00
18.8134,99590.18228833332,2022-11-07 21:00:00
18.3682,97042.22297333337,2022-11-07 22:00:00
22.416,99060.58599333336,2022-11-07 23:00:00
14.3024,108149.45975499996,2022-11-08 00:00:00
70.8497,120631.94865666665,2022-11-08 01:00:00
22.894,118868.23198305083,2022-11-08 02:00:00
24.597,96546.36966666664,2022-11-08 03:00:00
37.6499,97363.05312166669,2022-11-08 04:00:00
25.5582,97151.56236166666,2022-11-08 05:00:00
16.4464,103281.84095999996,2022-11-08 06:00:00
14.1951,122799.784005,2022-11-08 07:00:00
16.7728,128289.204325,2022-11-08 08:00:00
15.1078,117646.8707933333,2022-11-08 09:00:00
13.5546,132759.7521,2022-11-08 10:00:00
15.7223,105279.10384833334,2022-11-08 11:00:00
14.0889,110383.76046,2022-11-08 12:00:00
14.4143,107351.80452203388,2022-11-08 13:00:00
28.2759,94232.86430166666,2022-11-08 14:00:00
30.1416,91492.58657333332,2022-11-08 15:00:00
72.686,96810.33199666665,2022-11-08 16:00:00
80.886,94729.43589666666,2022-11-08 17:00:00
175.2577,91776.55646333334,2022-11-08 18:00:00
175.2577,89978.00501499999,2022-11-08 19:00:00
145.9142,78923.24515666664,2022-11-08 20:00:00
78.1205,82011.34213833333,2022-11-08 21:00:00
35.2618,91344.74894166666,2022-11-08 22:00:00
27.291,91683.47300166666,2022-11-08 23:00:00
22.6539,94144.65225333332,2022-11-09 00:00:00
17.2807,96164.46246333336,2022-11-09 01:00:00
18.2782,94872.93096666664,2022-11-09 02:00:00
19.1671,96375.66089649124,2022-11-09 03:00:00
17.3228,97494.40100333332,2022-11-09 04:00:00
17.7146,108198.44621333331,2022-11-09 05:00:00
41.1448,89942.12222166665,2022-11-09 06:00:00
25.022,92902.99685,2022-11-09 07:00:00
28.8408,88463.50750508475,2022-11-09 08:00:00
35.0374,91431.41689166668,2022-11-09 09:00:00
107.4665,89158.35431833335,2022-11-09 10:00:00
37.2082,87147.05543166664,2022-11-09 11:00:00
29.455,94348.26536499998,2022-11-09 12:00:00
27.0735,91400.00579333332,2022-11-09 13:00:00
41.0213,93493.994735,2022-11-09 14:00:00
83.5219,91318.09691500002,2022-11-09 15:00:00
82.0798,84664.62423666664,2022-11-09 16:00:00
59.3516,82755.93552166666,2022-11-09 17:00:00
59.3516,103580.66741333336,2022-11-09 18:00:00
80.6341,87592.85108333333,2022-11-09 19:00:00
61.9549,89350.42251999998,2022-11-09 20:00:00
163.7996,88120.54609666663,2022-11-09 21:00:00
110.8106,80358.42380666667,2022-11-09 22:00:00
108.8342,87362.25903333334,2022-11-09 23:00:00
58.5513,91551.56900333337,2022-11-10 00:00:00
49.9706,90419.33680833332,2022-11-10 01:00:00
28.6337,91721.88482000004,2022-11-10 02:00:00
32.5975,99601.3149333333,2022-11-10 03:00:00
23.171,91028.84189333336,2022-11-10 04:00:00
25.0674,95887.60560333334,2022-11-10 05:00:00
23.7039,93547.12675333332,2022-11-10 06:00:00
26.4464,96553.65418135596,2022-11-10 07:00:00
26.7913,90523.55023500002,2022-11-10 08:00:00
22.2984,97595.34205,2022-11-10 09:00:00
20.0466,99080.69606833336,2022-11-10 10:00:00
27.4877,100178.18031999998,2022-11-10 11:00:00
57.1658,99141.69333666663,2022-11-10 12:00:00
140.4814,97688.45670999998,2022-11-10 13:00:00
79.09,85072.77568833335,2022-11-10 14:00:00
64.2728,88263.48286333337,2022-11-10 15:00:00
46.0229,87112.93318666663,2022-11-10 16:00:00
55.0911,88651.10272166667,2022-11-10 17:00:00
31.9,90686.18099333331,2022-11-10 18:00:00
26.3866,89490.331575,2022-11-10 19:00:00
32.2671,93511.68947333332,2022-11-10 20:00:00
33.3739,97763.36675166668,2022-11-10 21:00:00
27.0466,106788.85240666666,2022-11-10 22:00:00
23.2595,97690.18376166667,2022-11-10 23:00:00
18.2834,114690.91812,2022-11-11 00:00:00
22.4,110590.80514,2022-11-11 01:00:00
21.23,103634.41785833336,2022-11-11 02:00:00
21.4123,109086.83282807028,2022-11-11 03:00:00
20.4105,115428.57276333332,2022-11-11 04:00:00
17.2772,119734.35435833337,2022-11-11 05:00:00
17.2673,134384.80584000002,2022-11-11 06:00:00
16.8737,122866.446445,2022-11-11 07:00:00
17.382,103334.60712500002,2022-11-11 08:00:00
15.4405,109163.65742333337,2022-11-11 09:00:00
16.2587,113262.99116333335,2022-11-11 10:00:00
15.9334,191784.9590933333,2022-11-11 11:00:00
26.8774,104321.21649500004,2022-11-11 12:00:00
30.1846,91177.01377166666,2022-11-11 13:00:00
68.595,91391.86800166666,2022-11-11 14:00:00
68.3251,81126.57401833334,2022-11-11 15:00:00
43.3044,84247.46147833332,2022-11-11 16:00:00
25.4763,88576.7214666667,2022-11-11 17:00:00
24.7786,122547.44651355928,2022-11-11 18:00:00
27.6852,94760.09909833336,2022-11-11 19:00:00
26.2205,93085.50098333332,2022-11-11 20:00:00
21.7531,93036.93599666668,2022-11-11 21:00:00
17.3069,104194.83332833338,2022-11-11 22:00:00
19.4149,102792.73676833334,2022-11-11 23:00:00
16.6025,127886.65812166668,2022-11-12 00:00:00
17.7045,129213.86862999995,2022-11-12 01:00:00
17.4316,122095.97838833331,2022-11-12 02:00:00
17.9038,112688.37557894738,2022-11-12 03:00:00
119.1656,109156.72866333336,2022-11-12 04:00:00
22.0138,120244.609225,2022-11-12 05:00:00
27.5237,106373.46124333332,2022-11-12 06:00:00
16.3962,123096.34493000004,2022-11-12 07:00:00
23.9393,142832.62882333336,2022-11-12 08:00:00
15.9531,128006.9229716667,2022-11-12 09:00:00
22.9637,118151.50216333337,2022-11-12 10:00:00
15.4272,128235.99826333336,2022-11-12 11:00:00
18.15,109187.352005,2022-11-12 12:00:00
14.7982,102617.94121666667,2022-11-12 13:00:00
16.2648,97785.442555,2022-11-12 14:00:00
21.7543,104082.99842166666,2022-11-12 15:00:00
15.6331,99980.04961000002,2022-11-12 16:00:00
15.2591,106676.00622333332,2022-11-12 17:00:00
14.5961,112206.39498500004,2022-11-12 18:00:00
13.6067,114906.68059,2022-11-12 19:00:00
12.048,122204.18549833336,2022-11-12 20:00:00
11.6439,129667.088025,2022-11-12 21:00:00
11.7651,146632.51983833333,2022-11-12 22:00:00
11.7794,130926.71833500004,2022-11-12 23:00:00
12.8847,119627.18832666668,2022-11-13 00:00:00
13.8414,150720.46329500005,2022-11-13 01:00:00
12.3327,119990.1633633333,2022-11-13 02:00:00
12.232,118714.88056111116,2022-11-13 03:00:00
12.2889,144447.19729833334,2022-11-13 04:00:00
12.531,143939.17641000004,2022-11-13 05:00:00
12.7221,149057.16251000002,2022-11-13 06:00:00
15.3141,114603.6580283333,2022-11-13 07:00:00
13.7949,112734.69144666662,2022-11-13 08:00:00
15.793,109593.75114833337,2022-11-13 09:00:00
14.3209,93960.42967166666,2022-11-13 10:00:00
20.8181,109467.34953833332,2022-11-13 11:00:00
13.0266,102206.94400166668,2022-11-13 12:00:00
17.4646,90831.12525166666,2022-11-13 13:00:00
15.6098,89247.46293833335,2022-11-13 14:00:00
17.8347,103394.4677833333,2022-11-13 15:00:00
17.0596,92217.29745999996,2022-11-13 16:00:00
18.3858,92335.64155500002,2022-11-13 17:00:00
35.9941,87775.20260166666,2022-11-13 18:00:00
23.9993,85733.14274833334,2022-11-13 19:00:00
26.1947,103056.7760559322,2022-11-13 20:00:00
19.9836,90521.38525166668,2022-11-13 21:00:00
16.6995,115611.67502499996,2022-11-13 22:00:00
16.4404,107638.14484666663,2022-11-13 23:00:00
19.7289,107792.27522166664,2022-11-14 00:00:00
17.7218,102440.73865500002,2022-11-14 01:00:00
15.0861,99490.34888166664,2022-11-14 02:00:00
14.0909,100457.75775535712,2022-11-14 03:00:00
14.5473,103184.530045,2022-11-14 04:00:00
15.4635,107186.1506133333,2022-11-14 05:00:00
22.4041,94747.15051333334,2022-11-14 06:00:00
22.4487,98427.523275,2022-11-14 07:00:00
14.8868,111277.70483833332,2022-11-14 08:00:00
16.068,100443.141135,2022-11-14 09:00:00
15.152,98398.54766333336,2022-11-14 10:00:00
15.4374,116884.53924,2022-11-14 11:00:00
18.9859,95027.10561833331,2022-11-14 12:00:00
31.6352,85983.86410338983,2022-11-14 13:00:00
38.3666,85850.99806166667,2022-11-14 14:00:00
22.1695,88209.01307166669,2022-11-14 15:00:00
21.2383,89182.35305666667,2022-11-14 16:00:00
19.0096,88846.21101333335,2022-11-14 17:00:00
21.5238,87446.11298500001,2022-11-14 18:00:00
22.513,91494.44494333332,2022-11-14 19:00:00
21.1589,90838.41427333331,2022-11-14 20:00:00
48.6108,88627.59949666663,2022-11-14 21:00:00
21.6209,95385.27390333332,2022-11-14 22:00:00
59.0555,85905.907765,2022-11-14 23:00:00
29.9785,94491.55325333332,2022-11-15 00:00:00
20.9665,100099.03118166664,2022-11-15 01:00:00
22.48,100373.513905,2022-11-15 02:00:00
82.1487,101485.35300357144,2022-11-15 03:00:00
16.9178,97190.80006166668,2022-11-15 04:00:00
14.9054,109435.285785,2022-11-15 05:00:00
14.5067,126006.68979333332,2022-11-15 06:00:00
14.4214,113325.92107333332,2022-11-15 07:00:00
16.1275,109105.91224166668,2022-11-15 08:00:00
14.2078,141338.795975,2022-11-15 09:00:00
16.7578,134781.7029983333,2022-11-15 10:00:00
14.8634,113161.8156066667,2022-11-15 11:00:00
14.7315,101232.34694333337,2022-11-15 12:00:00
18.959,89765.88474999995,2022-11-15 13:00:00
20.9627,86105.63541016949,2022-11-15 14:00:00
20.4303,90031.38826999998,2022-11-15 15:00:00
22.6261,84587.32697333334,2022-11-15 16:00:00
23.0497,84554.83930333336,2022-11-15 17:00:00
26.4864,85391.52414666665,2022-11-15 18:00:00
40.701,87543.66384333333,2022-11-15 19:00:00
20.5832,90107.111195,2022-11-15 20:00:00
16.8116,109082.21596500002,2022-11-15 21:00:00
14.8493,111224.79326166668,2022-11-15 22:00:00
16.5132,119955.30247999995,2022-11-15 23:00:00
15.7462,124586.69225166668,2022-11-16 00:00:00
22.25,136671.57212000006,2022-11-16 01:00:00
23.4115,117420.7291616667,2022-11-16 02:00:00
18.4937,141711.81393035714,2022-11-16 03:00:00
15.0421,134519.7533233333,2022-11-16 04:00:00
23.471,132694.1049,2022-11-16 05:00:00
22.1182,132020.8990933333,2022-11-16 06:00:00
23.4449,127047.54647666671,2022-11-16 07:00:00
14.9154,103419.99317333332,2022-11-16 08:00:00
14.2226,121780.6913644068,2022-11-16 09:00:00
14.1098,128003.22481999996,2022-11-16 10:00:00
15.9929,110185.67859333334,2022-11-16 11:00:00
22.5088,113665.21345833332,2022-11-16 12:00:00
17.8462,96298.68834166668,2022-11-16 13:00:00
22.3289,84990.44700166667,2022-11-16 14:00:00
26.8765,92371.31868166664,2022-11-16 15:00:00
21.5262,85328.33412666668,2022-11-16 16:00:00
30.1749,117099.4547233333,2022-11-16 17:00:00
31.8526,89847.46568275863,2022-11-16 18:00:00
31.8526,89847.465683,2022-11-16 19:00:00
31.7996,86282.0257761905,2022-11-16 20:00:00
35.576,87707.69742000001,2022-11-16 21:00:00
18.4942,96450.9149616667,2022-11-16 22:00:00
15.4672,108314.58753833336,2022-11-16 23:00:00
14.0441,123903.26253500002,2022-11-17 00:00:00
13.9074,116244.8654355932,2022-11-17 01:00:00
15.2815,139454.41034166666,2022-11-17 02:00:00
14.172,121350.36460701752,2022-11-17 03:00:00
14.3074,118863.22507333332,2022-11-17 04:00:00
12.958,177704.39207499998,2022-11-17 05:00:00
13.1893,142126.2768783333,2022-11-17 06:00:00
14.3125,149024.8681816667,2022-11-17 07:00:00
16.8483,99336.70833166673,2022-11-17 08:00:00
13.9385,120896.26931333334,2022-11-17 09:00:00
13.4812,110703.471479661,2022-11-17 10:00:00
14.1363,99743.785954386,2022-11-17 11:00:00
28.0556,101781.67514166668,2022-11-17 12:00:00
23.6375,95734.1108096154,2022-11-17 13:00:00
19.5932,89545.54671406248,2022-11-17 14:00:00
24.0085,87181.46815172414,2022-11-17 15:00:00
29.8014,89640.45874482756,2022-11-17 16:00:00
20.0504,86934.93468644068,2022-11-17 17:00:00
22.2013,81629.64764666666,2022-11-17 18:00:00
23.0934,104527.55674166667,2022-11-17 19:00:00
23.0934,95084.1595,2022-11-17 20:00:00
22.2315,98604.16544,2022-11-17 21:00:00
14.7027,103238.42258166666,2022-11-17 22:00:00
13.325,116392.3638733333,2022-11-17 23:00:00
13.6868,117491.26398833332,2022-11-18 00:00:00
13.749,124663.28195333335,2022-11-18 01:00:00
15.6289,125277.129105,2022-11-18 02:00:00
18.0,134145.24444385964,2022-11-18 03:00:00
14.2965,135041.53191666666,2022-11-18 04:00:00
12.7435,239606.7559433333,2022-11-18 05:00:00
13.8446,137470.31939999995,2022-11-18 06:00:00
13.5118,135432.62849333332,2022-11-18 07:00:00
12.7248,134400.16148666668,2022-11-18 08:00:00
14.2972,110399.157235,2022-11-18 09:00:00
15.625,129200.3137,2022-11-18 10:00:00
22.5,160230.665275,2022-11-18 11:00:00
13.2327,114888.70582499998,2022-11-18 12:00:00
13.6702,99591.28009666668,2022-11-18 13:00:00
13.9081,91991.77569499996,2022-11-18 14:00:00
30.0186,93891.43957333337,2022-11-18 15:00:00
83.253,100011.26227627118,2022-11-18 16:00:00
17.7644,99809.78652999998,2022-11-18 17:00:00
16.6801,122748.14843684212,2022-11-18 18:00:00
13.4699,115082.65786071432,2022-11-18 19:00:00
13.649,147754.11266590908,2022-11-18 20:00:00
15.6347,128804.37494035084,2022-11-18 21:00:00
13.0499,124499.70711929831,2022-11-18 22:00:00
15.0387,149887.5147122807,2022-11-18 23:00:00
12.9568,161065.12703965514,2022-11-19 00:00:00
13.788,123899.12949333333,2022-11-19 01:00:00
15.9665,142990.35502166665,2022-11-19 02:00:00
12.6028,168972.56454666663,2022-11-19 03:00:00
13.3217,150652.36844500006,2022-11-19 04:00:00
12.3588,147891.13350166663,2022-11-19 05:00:00
12.3067,151376.14284333336,2022-11-19 06:00:00
13.3662,139549.74001000004,2022-11-19 07:00:00
21.25,158939.19926333328,2022-11-19 08:00:00
11.9477,157476.92515166668,2022-11-19 09:00:00
21.7511,162810.18014166664,2022-11-19 10:00:00
12.0248,152677.26612333336,2022-11-19 11:00:00
12.5,127073.00844333335,2022-11-19 12:00:00
13.1655,113300.93791,2022-11-19 13:00:00
12.71,108924.8724516667,2022-11-19 14:00:00
18.2595,96469.85002666664,2022-11-19 15:00:00
27.518,97557.38446833332,2022-11-19 16:00:00
15.1937,116022.3531016667,2022-11-19 17:00:00
15.9672,108689.47073666668,2022-11-19 18:00:00
14.1009,121440.22403333336,2022-11-19 19:00:00
14.5,154792.66883833337,2022-11-19 20:00:00
13.4307,126864.55919666664,2022-11-19 21:00:00
11.8628,127444.24588813556,2022-11-19 22:00:00
11.576,151447.08599500006,2022-11-19 23:00:00
12.2546,147958.55766000002,2022-11-20 00:00:00
13.5736,144939.66982,2022-11-20 01:00:00
12.0392,144874.56306,2022-11-20 02:00:00
20.3571,130710.01109666664,2022-11-20 03:00:00
11.8382,128885.66848000002,2022-11-20 04:00:00
13.3089,159945.92557999998,2022-11-20 05:00:00
11.9794,165250.3537483333,2022-11-20 06:00:00
12.8725,160640.12256166665,2022-11-20 07:00:00
12.5791,145882.647415,2022-11-20 08:00:00
12.5286,151964.0326733333,2022-11-20 09:00:00
12.0227,128293.01498166673,2022-11-20 10:00:00
17.3814,132257.90728166667,2022-11-20 11:00:00
15.042,123774.14819833332,2022-11-20 12:00:00
12.2583,109182.95443666664,2022-11-20 13:00:00
21.8982,101363.7311,2022-11-20 14:00:00
13.5846,103467.16039166664,2022-11-20 15:00:00
14.6508,116499.46910333337,2022-11-20 16:00:00
17.5832,104885.60515,2022-11-20 17:00:00
12.8699,121301.75023333333,2022-11-20 18:00:00
12.3075,136815.75916833334,2022-11-20 19:00:00
12.3422,134039.53971666665,2022-11-20 20:00:00
15.481,122117.14653166666,2022-11-20 21:00:00
14.2594,126298.07901016952,2022-11-20 22:00:00
12.0575,148610.80391,2022-11-20 23:00:00
11.8588,149397.1768183333,2022-11-21 00:00:00
11.0326,162096.27573833332,2022-11-21 01:00:00
14.5,114513.19622333336,2022-11-21 02:00:00
11.0584,132941.80556101698,2022-11-21 03:00:00
12.7644,150118.31888000006,2022-11-21 04:00:00
11.1573,157135.50516,2022-11-21 05:00:00
10.5737,171753.19415166668,2022-11-21 06:00:00
10.9132,132777.67337666667,2022-11-21 07:00:00
11.7851,124849.93897000002,2022-11-21 08:00:00
12.1201,119290.65346166665,2022-11-21 09:00:00
11.7431,128433.60339500006,2022-11-21 10:00:00
12.6594,121673.13395833332,2022-11-21 11:00:00
11.3737,113712.14543166666,2022-11-21 12:00:00
12.7031,119244.07918999996,2022-11-21 13:00:00
19.4723,113032.43428000002,2022-11-21 14:00:00
15.3995,100854.8600833333,2022-11-21 15:00:00
19.1344,94247.56256500004,2022-11-21 16:00:00
68.3467,122032.08390666664,2022-11-21 17:00:00
19.8558,99178.86259999998,2022-11-21 18:00:00
15.7591,106246.31673000002,2022-11-21 19:00:00
14.7942,100745.71480338984,2022-11-21 20:00:00
14.974,102404.7062737705,2022-11-21 21:00:00
14.3788,111308.50934754098,2022-11-21 22:00:00
12.0193,150347.66238333334,2022-11-21 23:00:00
11.7469,135033.01796166663,2022-11-22 00:00:00
27.2523,139143.40242833333,2022-11-22 01:00:00
20.8072,110376.492645,2022-11-22 02:00:00
11.1616,114485.45593833333,2022-11-22 03:00:00
10.7242,147653.61439833333,2022-11-22 04:00:00
11.0128,148799.28431,2022-11-22 05:00:00
11.1306,130991.21299499998,2022-11-22 06:00:00
11.2462,128022.417905,2022-11-22 07:00:00
13.1034,119204.88405166668,2022-11-22 08:00:00
16.2567,133913.80206,2022-11-22 09:00:00
13.0194,122645.78776333333,2022-11-22 10:00:00
12.6427,122992.94245,2022-11-22 11:00:00
16.5001,110867.02512166664,2022-11-22 12:00:00
31.2069,111303.0507416667,2022-11-22 13:00:00
20.3559,103368.8833533333,2022-11-22 14:00:00
20.0249,100197.42321666668,2022-11-22 15:00:00
17.672,107825.39761000004,2022-11-22 16:00:00
22.4403,120610.71024333332,2022-11-22 17:00:00
30.9186,112188.7700816667,2022-11-22 18:00:00
26.1334,109083.96991666664,2022-11-22 19:00:00
27.1999,96040.07866166664,2022-11-22 20:00:00
13.8924,104043.532945,2022-11-22 21:00:00
12.776,114402.40676333336,2022-11-22 22:00:00
12.1492,139745.84994666665,2022-11-22 23:00:00
12.3007,137075.99070833335,2022-11-23 00:00:00
12.0966,148609.5491101695,2022-11-23 01:00:00
15.7575,124748.74287333337,2022-11-23 02:00:00
13.0449,130836.34361166669,2022-11-23 03:00:00
14.0965,118291.89627000004,2022-11-23 04:00:00
13.5356,119443.741325,2022-11-23 05:00:00
14.4382,212572.26309500003,2022-11-23 06:00:00
13.1731,145791.2099983333,2022-11-23 07:00:00
15.2521,150835.618915,2022-11-23 08:00:00
13.4715,169261.28374499996,2022-11-23 09:00:00
13.3388,139406.09368333337,2022-11-23 10:00:00
12.5204,155432.11633000002,2022-11-23 11:00:00
22.7382,124162.73862166663,2022-11-23 12:00:00
13.5612,113476.7467633334,2022-11-23 13:00:00
15.4438,97898.85389166666,2022-11-23 14:00:00
17.496,96224.77569,2022-11-23 15:00:00
16.1501,105322.8751816667,2022-11-23 16:00:00
18.1288,98064.49602,2022-11-23 17:00:00
17.4215,108801.75599,2022-11-23 18:00:00
20.2779,112351.97532666668,2022-11-23 19:00:00
15.8102,113575.35322166662,2022-11-23 20:00:00
14.1295,124041.16025666668,2022-11-23 21:00:00
12.555,137671.14859333332,2022-11-23 22:00:00
12.0724,144129.63392833335,2022-11-23 23:00:00
12.2583,155439.61834915253,2022-11-24 00:00:00
12.6925,152440.912185,2022-11-24 01:00:00
12.5,158374.50610166663,2022-11-24 02:00:00
13.4063,115595.26428833332,2022-11-24 03:00:00
13.4681,142444.55907833335,2022-11-24 04:00:00
12.6372,158054.58448999995,2022-11-24 05:00:00
15.3623,161826.00351500002,2022-11-24 06:00:00
13.4666,147110.41016166666,2022-11-24 07:00:00
12.6353,132048.3522733334,2022-11-24 08:00:00
14.05,124846.4302616667,2022-11-24 09:00:00
12.6525,113626.92616999996,2022-11-24 10:00:00
13.9443,128850.12004,2022-11-24 11:00:00
13.1077,135236.49904833332,2022-11-24 12:00:00
12.4056,136624.53482666664,2022-11-24 13:00:00
12.7082,106810.81135666664,2022-11-24 14:00:00
17.015,95315.38966833332,2022-11-24 15:00:00
33.2364,89702.85873833332,2022-11-24 16:00:00
19.9849,90306.00310166668,2022-11-24 17:00:00
14.1362,97113.81459333331,2022-11-24 18:00:00
11.916,121722.98544833332,2022-11-24 19:00:00
13.4347,124754.09912166667,2022-11-24 20:00:00
11.9793,129989.72988666668,2022-11-24 21:00:00
14.055,134968.44541666663,2022-11-24 22:00:00
11.9861,165361.3259916666,2022-11-24 23:00:00
12.4596,151242.3035516666,2022-11-25 00:00:00
11.7925,192496.01196,2022-11-25 01:00:00
12.5542,147685.154755,2022-11-25 02:00:00
12.1139,154144.98640999998,2022-11-25 03:00:00
12.3662,150175.22871333332,2022-11-25 04:00:00
11.1917,143660.4769583334,2022-11-25 05:00:00
11.266,147629.37576666666,2022-11-25 06:00:00
12.464,136751.89675166665,2022-11-25 07:00:00
11.933,140797.16562666665,2022-11-25 08:00:00
11.7257,122174.25680833336,2022-11-25 09:00:00
12.2956,115384.657015,2022-11-25 10:00:00
11.1597,168201.55421833327,2022-11-25 11:00:00
39.5451,122279.86085,2022-11-25 12:00:00
14.0856,114495.465875,2022-11-25 13:00:00
17.7375,99448.98020000003,2022-11-25 14:00:00
12.1479,83355.87972666667,2022-11-25 15:00:00
11.3435,82521.970059322,2022-11-25 16:00:00
12.8775,89677.23641833333,2022-11-25 17:00:00
16.7223,95570.38469,2022-11-25 18:00:00
12.9886,113006.57983333337,2022-11-25 19:00:00
10.7152,131752.77246166664,2022-11-25 20:00:00
11.1233,192154.38992166665,2022-11-25 21:00:00
10.2136,135092.27533333332,2022-11-25 22:00:00
10.1239,184526.4867583333,2022-11-25 23:00:00
10.223,265366.79468999995,2022-11-26 00:00:00
12.1591,127517.25667833332,2022-11-26 01:00:00
11.4107,150036.91957288134,2022-11-26 02:00:00
10.4527,152355.7284633333,2022-11-26 03:00:00
10.1704,201319.30508500003,2022-11-26 04:00:00
11.3672,162292.96411666667,2022-11-26 05:00:00
11.0519,135105.96160166667,2022-11-26 06:00:00
10.4808,173389.86757500004,2022-11-26 07:00:00
11.1585,177765.7982099999,2022-11-26 08:00:00
11.0564,180537.93106,2022-11-26 09:00:00
10.5575,106533.71223499998,2022-11-26 10:00:00
11.8735,121235.61639500003,2022-11-26 11:00:00
14.7217,145750.5111466667,2022-11-26 12:00:00
16.5414,119268.499905,2022-11-26 13:00:00
11.7143,117494.23251666666,2022-11-26 14:00:00
19.3736,119798.46232166672,2022-11-26 15:00:00
11.6695,109377.20832333333,2022-11-26 16:00:00
19.7066,113360.58247333331,2022-11-26 17:00:00
13.2785,124033.29993166662,2022-11-26 18:00:00
13.6449,127238.38070666668,2022-11-26 19:00:00
11.0896,144991.68023666667,2022-11-26 20:00:00
17.9642,119558.8321483333,2022-11-26 21:00:00
10.4114,133153.15786833334,2022-11-26 22:00:00
10.8042,157985.19637796612,2022-11-26 23:00:00
10.1565,157295.60091499996,2022-11-27 00:00:00
11.4742,174502.3710666667,2022-11-27 01:00:00
10.3521,163649.39511833334,2022-11-27 02:00:00
10.4224,195844.5209383334,2022-11-27 03:00:00
11.8365,173902.63869499994,2022-11-27 04:00:00
10.6732,166665.05734666667,2022-11-27 05:00:00
10.1033,151189.2137683333,2022-11-27 06:00:00
10.15,168065.91076500007,2022-11-27 07:00:00
10.2449,146820.543615,2022-11-27 08:00:00
11.6129,161935.69837833336,2022-11-27 09:00:00
10.2049,161370.77597833332,2022-11-27 10:00:00
11.3912,125901.3308183333,2022-11-27 11:00:00
11.9961,140032.33843499998,2022-11-27 12:00:00
12.1844,140975.11757833333,2022-11-27 13:00:00
10.5136,122605.3084433333,2022-11-27 14:00:00
11.4614,113647.438235,2022-11-27 15:00:00
13.6793,112447.9990466667,2022-11-27 16:00:00
14.9141,105469.157175,2022-11-27 17:00:00
10.5892,114271.52308666668,2022-11-27 18:00:00
24.9378,229135.74246833337,2022-11-27 19:00:00
10.7796,135396.22762333334,2022-11-27 20:00:00
11.6346,119412.812785,2022-11-27 21:00:00
10.723,126857.01401500008,2022-11-27 22:00:00
13.0427,131940.25833833334,2022-11-27 23:00:00
16.1932,148031.58502333326,2022-11-28 00:00:00
13.4211,123486.34710666668,2022-11-28 01:00:00
10.5278,136778.9063661017,2022-11-28 02:00:00
10.9598,147810.71831499998,2022-11-28 03:00:00
11.24,179063.778085,2022-11-28 04:00:00
10.9067,137785.93634,2022-11-28 05:00:00
10.0698,155197.32231000002,2022-11-28 06:00:00
10.558,152451.39680833332,2022-11-28 07:00:00
10.9783,140685.56321833332,2022-11-28 08:00:00
13.2244,80651.61577333332,2022-11-28 09:00:00
13.8,76646.09864833331,2022-11-28 10:00:00
11.6946,86390.68198166668,2022-11-28 11:00:00
11.4908,99540.73334499996,2022-11-28 12:00:00
14.278,112088.46466271183,2022-11-28 13:00:00
33.7424,98862.94803499998,2022-11-28 14:00:00
56.3581,91017.82665,2022-11-28 15:00:00
28.4162,90928.3413433333,2022-11-28 16:00:00
22.572,95215.19434000005,2022-11-28 17:00:00
16.7726,97761.42916000004,2022-11-28 18:00:00
13.2516,112203.20565666669,2022-11-28 19:00:00
18.4435,113304.0726983333,2022-11-28 20:00:00
12.5251,101894.76585833333,2022-11-28 21:00:00
11.4238,120295.35395333332,2022-11-28 22:00:00
10.9709,116577.12685333332,2022-11-28 23:00:00
17.0304,100272.27578833333,2022-11-29 00:00:00
19.1329,125939.75460666668,2022-11-29 01:00:00
12.2797,98563.590695,2022-11-29 02:00:00
13.4553,108132.99263833332,2022-11-29 03:00:00
10.6213,127535.2215,2022-11-29 04:00:00
11.6353,130858.82467500004,2022-11-29 05:00:00
12.345,160302.43922333335,2022-11-29 06:00:00
11.98,160534.34909666664,2022-11-29 07:00:00
27.3475,115895.98948,2022-11-29 08:00:00
11.6982,138711.31065166663,2022-11-29 09:00:00
11.7494,141384.11559166663,2022-11-29 10:00:00
10.9784,196560.1308216667,2022-11-29 11:00:00
11.854,120792.46121166668,2022-11-29 12:00:00
13.5601,104995.33220166668,2022-11-29 13:00:00
18.9091,101516.22832166664,2022-11-29 14:00:00
13.3729,98703.83703833332,2022-11-29 15:00:00
15.4165,93439.47086000004,2022-11-29 16:00:00
12.165,98970.4240709091,2022-11-29 17:00:00
15.8575,96674.98551086958,2022-11-29 18:00:00
16.3366,127997.282545,2022-11-29 19:00:00
15.0,107379.39112,2022-11-29 20:00:00
16.4233,101553.51677166663,2022-11-29 21:00:00
11.3981,131000.75813833336,2022-11-29 22:00:00
11.2027,126689.6852766667,2022-11-29 23:00:00
25.6875,113901.58254,2022-11-30 00:00:00
14.1014,96665.65859333336,2022-11-30 01:00:00
15.2997,100668.20520666664,2022-11-30 02:00:00
13.5654,104511.46658333336,2022-11-30 03:00:00
11.3164,128382.43800000002,2022-11-30 04:00:00
11.0205,137142.13774166667,2022-11-30 05:00:00
10.9843,137363.44009333334,2022-11-30 06:00:00
11.6784,145595.7037650001,2022-11-30 07:00:00
12.898,131374.00204500003,2022-11-30 08:00:00
12.2033,127091.19552333336,2022-11-30 09:00:00
11.3638,135977.0901816667,2022-11-30 10:00:00
11.5023,120045.3609316666,2022-11-30 11:00:00
11.7171,116503.87395833334,2022-11-30 12:00:00
12.4441,116370.78566999995,2022-11-30 13:00:00
13.1944,104799.67266333336,2022-11-30 14:00:00
14.0838,94023.92995333338,2022-11-30 15:00:00
32.2242,99247.12628000004,2022-11-30 16:00:00
14.7462,92368.75118,2022-11-30 17:00:00
17.0896,95284.04675833332,2022-11-30 18:00:00
16.759,94717.80627833332,2022-11-30 19:00:00
13.6764,103479.30193833336,2022-11-30 20:00:00
13.6268,99119.13818983053,2022-11-30 21:00:00
20.5051,104658.117635,2022-11-30 22:00:00
15.4426,113443.58105499996,2022-11-30 23:00:00
12.5286,118498.47253999996,2022-12-01 00:00:00
15.1138,116802.92215333336,2022-12-01 01:00:00
12.7505,128659.77690666668,2022-12-01 02:00:00
11.5931,133511.49785166665,2022-12-01 03:00:00
12.6256,131940.67357166664,2022-12-01 04:00:00
12.4386,141157.88993833328,2022-12-01 05:00:00
12.2871,144116.81207333336,2022-12-01 06:00:00
12.3031,153213.09727833333,2022-12-01 07:00:00
11.9939,120902.98225333332,2022-12-01 08:00:00
12.7497,118383.22038166664,2022-12-01 09:00:00
12.5455,125793.04481999998,2022-12-01 10:00:00
14.3789,138074.40512500002,2022-12-01 11:00:00
12.3425,123365.84638166663,2022-12-01 12:00:00
15.1473,102959.69639672132,2022-12-01 13:00:00
16.0904,97459.34916290322,2022-12-01 14:00:00
14.2228,99506.52614833332,2022-12-01 15:00:00
16.6939,92840.13623833332,2022-12-01 16:00:00
25.8644,93593.12472166664,2022-12-01 17:00:00
14.9287,106525.4532366667,2022-12-01 18:00:00
22.5517,101076.44552166673,2022-12-01 19:00:00
33.0947,112422.61183166668,2022-12-01 20:00:00
19.7118,109885.982215,2022-12-01 21:00:00
32.5371,104688.19290500002,2022-12-01 22:00:00
11.4698,133290.10131,2022-12-01 23:00:00
11.7329,199989.41051166665,2022-12-02 00:00:00
11.9175,142915.3613416667,2022-12-02 01:00:00
11.8874,149121.92819166667,2022-12-02 02:00:00
13.2514,149895.8365101695,2022-12-02 03:00:00
14.6249,171551.07892833336,2022-12-02 04:00:00
11.288,150401.842975,2022-12-02 05:00:00
12.0082,170777.6559916667,2022-12-02 06:00:00
11.9721,135499.75441000005,2022-12-02 07:00:00
13.8784,117923.98962333336,2022-12-02 08:00:00
11.4612,119856.496575,2022-12-02 09:00:00
15.0,100177.49489499997,2022-12-02 10:00:00
11.5972,115761.02896333332,2022-12-02 11:00:00
20.4657,98581.02490499998,2022-12-02 12:00:00
20.5463,100784.065295,2022-12-02 13:00:00
20.5758,85441.73612333332,2022-12-02 14:00:00
19.1774,83441.48316000002,2022-12-02 15:00:00
18.4477,91865.91345499996,2022-12-02 16:00:00
17.5845,95066.74228333333,2022-12-02 17:00:00
16.2272,92874.17190666666,2022-12-02 18:00:00
21.9635,109153.47626666668,2022-12-02 19:00:00
25.0026,101486.26756166664,2022-12-02 20:00:00
16.3062,109867.59693166667,2022-12-02 21:00:00
12.5581,122024.229495,2022-12-02 22:00:00
12.1144,143512.400295,2022-12-02 23:00:00
14.7263,115974.73301999996,2022-12-03 00:00:00
12.9619,130087.05146166662,2022-12-03 01:00:00
13.0571,160960.04798474573,2022-12-03 02:00:00
14.1394,138565.74950500004,2022-12-03 03:00:00
12.3484,148051.47613333332,2022-12-03 04:00:00
20.2487,146345.39503999997,2022-12-03 05:00:00
18.1768,135954.35171166668,2022-12-03 06:00:00
12.5129,135655.42072666672,2022-12-03 07:00:00
12.3239,123918.31308499996,2022-12-03 08:00:00
11.944,128672.18886000002,2022-12-03 09:00:00
11.596,170066.43136833332,2022-12-03 10:00:00
12.1084,133249.49721666664,2022-12-03 11:00:00
12.5686,125423.55108166666,2022-12-03 12:00:00
23.8256,116497.1390116667,2022-12-03 13:00:00
16.9003,109617.35030000003,2022-12-03 14:00:00
12.5335,120237.861305,2022-12-03 15:00:00
12.7888,109348.16970666668,2022-12-03 16:00:00
13.4032,110314.07347333337,2022-12-03 17:00:00
13.3584,116555.50088666666,2022-12-03 18:00:00
12.8325,107919.30256333336,2022-12-03 19:00:00
13.6659,116725.58727999996,2022-12-03 20:00:00
15.049,104765.45153934429,2022-12-03 21:00:00
14.0444,116450.68831666664,2022-12-03 22:00:00
12.8806,132092.15143333332,2022-12-03 23:00:00
11.7162,139833.09691499997,2022-12-04 00:00:00
14.1017,140652.71826999998,2022-12-04 01:00:00
11.4093,142759.59826949151,2022-12-04 02:00:00
12.2817,141054.65655166665,2022-12-04 03:00:00
13.0,157571.33313833328,2022-12-04 04:00:00
11.973,145423.55261833328,2022-12-04 05:00:00
11.9976,136494.65645500002,2022-12-04 06:00:00
11.6518,128766.33211500004,2022-12-04 07:00:00
12.109,150011.863695,2022-12-04 08:00:00
12.5435,127243.84635666668,2022-12-04 09:00:00
12.4497,123057.3418271186,2022-12-04 10:00:00
11.8298,119873.08406666668,2022-12-04 11:00:00
14.9207,120964.29982833334,2022-12-04 12:00:00
14.6927,107943.85188666669,2022-12-04 13:00:00
14.8193,108013.46387000004,2022-12-04 14:00:00
16.1507,120587.66325666668,2022-12-04 15:00:00
13.5157,98465.76362166666,2022-12-04 16:00:00
12.4665,100392.85446666669,2022-12-04 17:00:00
14.9103,98379.4380366667,2022-12-04 18:00:00
12.4562,112505.22531864404,2022-12-04 19:00:00
11.5987,105038.80053000002,2022-12-04 20:00:00
12.0613,102705.57784833333,2022-12-04 21:00:00
11.9634,105631.82394999998,2022-12-04 22:00:00
15.7401,120446.5890633333,2022-12-04 23:00:00
13.2478,131108.0295633333,2022-12-05 00:00:00
12.3941,135264.78680169495,2022-12-05 01:00:00
14.2136,126071.87108333332,2022-12-05 02:00:00
13.6122,118897.1986290909,2022-12-05 03:00:00
13.7031,124911.04291999996,2022-12-05 04:00:00
12.444,140430.31008166668,2022-12-05 05:00:00
12.4532,132499.90130666667,2022-12-05 06:00:00
14.3848,122560.6795440678,2022-12-05 07:00:00
12.9528,121657.80222833333,2022-12-05 08:00:00
13.6021,110044.41291833336,2022-12-05 09:00:00
12.7532,123680.84142833334,2022-12-05 10:00:00
12.9469,128092.06406333332,2022-12-05 11:00:00
13.4886,124445.2720125,2022-12-05 12:00:00
13.3162,102088.06087200005,2022-12-05 13:00:00
13.6419,101772.49302666668,2022-12-05 14:00:00
27.5299,93547.78679166667,2022-12-05 15:00:00
30.0961,92854.45479322028,2022-12-05 16:00:00
19.8914,94745.55304,2022-12-05 17:00:00
18.9917,95459.43895333332,2022-12-05 18:00:00
27.5,100412.11050500002,2022-12-05 19:00:00
14.3532,113603.79835000004,2022-12-05 20:00:00
15.3036,105845.11307166672,2022-12-05 21:00:00
13.5862,123000.57941186444,2022-12-05 22:00:00
12.8836,121998.45044666668,2022-12-05 23:00:00
14.6061,119802.26866333334,2022-12-06 00:00:00
13.9775,121531.91103666666,2022-12-06 01:00:00
27.8254,163456.15088,2022-12-06 02:00:00
13.4213,134062.58870508478,2022-12-06 03:00:00
13.5019,143064.94581833333,2022-12-06 04:00:00
13.5537,145476.56372372885,2022-12-06 05:00:00
17.885,136362.26525294117,2022-12-06 06:00:00
15.4405,131067.148120339,2022-12-06 07:00:00
13.3345,123182.15901833336,2022-12-06 08:00:00
15.4229,128781.62297,2022-12-06 09:00:00
13.6917,127411.78303333334,2022-12-06 10:00:00
14.8343,124576.56832,2022-12-06 11:00:00
15.7709,150916.67487999992,2022-12-06 12:00:00
28.4051,90551.24921166664,2022-12-06 13:00:00
27.6084,86028.37747833335,2022-12-06 14:00:00
23.2127,89459.7527383333,2022-12-06 15:00:00
18.3237,91984.30293666665,2022-12-06 16:00:00
23.5109,97156.4730066667,2022-12-06 17:00:00
23.5121,93925.00564166668,2022-12-06 18:00:00
19.6898,98249.38345762712,2022-12-06 19:00:00
15.0686,107732.05694666663,2022-12-06 20:00:00
44.4053,94375.34923,2022-12-06 21:00:00
16.3791,110319.61258333332,2022-12-06 22:00:00
15.8237,106600.16153,2022-12-06 23:00:00
18.8574,121006.11052333332,2022-12-07 00:00:00
25.7001,126746.52245333335,2022-12-07 01:00:00
16.0476,131336.12077796605,2022-12-07 02:00:00
15.2675,132672.93009333333,2022-12-07 03:00:00
14.5829,136142.19071333334,2022-12-07 04:00:00
15.7188,132456.1610266667,2022-12-07 05:00:00
14.3855,152763.31185833333,2022-12-07 06:00:00
18.4633,149764.9456366667,2022-12-07 07:00:00
15.0415,138827.03530000002,2022-12-07 08:00:00
14.4613,168915.84511666666,2022-12-07 09:00:00
20.5454,163680.98228666667,2022-12-07 10:00:00
20.3477,141958.16019666666,2022-12-07 11:00:00
18.5408,113913.137295,2022-12-07 12:00:00
17.1913,117728.02841525422,2022-12-07 13:00:00
15.328,118570.10671666668,2022-12-07 14:00:00
18.9419,122563.40839999996,2022-12-07 15:00:00
22.3742,100260.6227916667,2022-12-07 16:00:00
19.1464,97824.95369833332,2022-12-07 17:00:00
107.933,84976.90313833333,2022-12-07 18:00:00
107.933,92537.38265999996,2022-12-07 19:00:00
16.4659,105658.6081083333,2022-12-07 20:00:00
19.2236,104122.127525,2022-12-07 21:00:00
17.8095,131731.6545166667,2022-12-07 22:00:00
15.5271,143956.4359333333,2022-12-07 23:00:00
23.0093,146949.63482666668,2022-12-08 00:00:00
21.9292,137124.7245525424,2022-12-08 01:00:00
14.8143,135340.57912,2022-12-08 02:00:00
15.0093,178552.82115762707,2022-12-08 03:00:00
35.8445,182189.00237288137,2022-12-08 04:00:00
15.657,168660.3947706897,2022-12-08 05:00:00
15.8844,171333.83802,2022-12-08 06:00:00
14.7566,195213.14117666663,2022-12-08 07:00:00
15.5575,190280.9561933333,2022-12-08 08:00:00
15.2353,147996.05813559325,2022-12-08 09:00:00
17.5902,130696.27305166663,2022-12-08 10:00:00
15.6348,141560.3264933333,2022-12-08 11:00:00
14.8631,141475.59635166664,2022-12-08 12:00:00
28.192,100897.68347833332,2022-12-08 13:00:00
15.2713,111518.28110666666,2022-12-08 14:00:00
15.4071,108883.06535833332,2022-12-08 15:00:00
15.4307,99150.64291999995,2022-12-08 16:00:00
25.8278,138575.286915,2022-12-08 17:00:00
19.2715,101135.46031166668,2022-12-08 18:00:00
28.8825,109381.82615833337,2022-12-08 19:00:00
19.0616,106445.02680833332,2022-12-08 20:00:00
14.7879,116266.35823050846,2022-12-08 21:00:00
14.3206,135692.09295833332,2022-12-08 22:00:00
14.5744,149731.3366166667,2022-12-08 23:00:00
14.1784,148772.2501216667,2022-12-09 00:00:00
14.9799,149624.1207283333,2022-12-09 01:00:00
14.8191,151756.47331333338,2022-12-09 02:00:00
16.4636,136471.63045333332,2022-12-09 03:00:00
14.5342,145601.33399833337,2022-12-09 04:00:00
14.3661,157060.89402999997,2022-12-09 05:00:00
27.186,94430.93593166664,2022-12-09 06:00:00
23.6213,39153.47790333333,2022-12-09 07:00:00
26.9485,34006.79319655172,2022-12-09 08:00:00
20.8771,42299.89193499999,2022-12-09 09:00:00
20.1335,48229.319833333335,2022-12-09 10:00:00
16.2901,59770.43841999999,2022-12-09 11:00:00
20.2699,71232.62702500001,2022-12-09 12:00:00
22.9477,60920.09338813561,2022-12-09 13:00:00
49.4856,49400.57033166666,2022-12-09 14:00:00
30.6196,45981.77639166664,2022-12-09 15:00:00
114.5889,43708.79527333333,2022-12-09 16:00:00
72.5249,50897.58927333333,2022-12-09 17:00:00
38.0757,62314.61442666667,2022-12-09 18:00:00
127.7193,49263.615918644064,2022-12-09 19:00:00
115.3264,30026.196329999988,2022-12-09 20:00:00
28.2496,62891.676575,2022-12-09 21:00:00
18.843,99957.38383,2022-12-09 22:00:00
16.4215,125518.28840666664,2022-12-09 23:00:00
14.673,121866.41745499996,2022-12-10 00:00:00
17.3357,110915.6579,2022-12-10 01:00:00
19.3024,113550.50053389827,2022-12-10 02:00:00
15.3401,139642.39005666674,2022-12-10 03:00:00
16.5711,120613.29847333331,2022-12-10 04:00:00
14.0581,143373.07510833337,2022-12-10 05:00:00
20.148,103597.81788166663,2022-12-10 06:00:00
16.7033,104741.86277833338,2022-12-10 07:00:00
14.5088,156981.77492166666,2022-12-10 08:00:00
15.2955,158690.0629966667,2022-12-10 09:00:00
14.2974,159564.9450533333,2022-12-10 10:00:00
14.2853,139771.11953833335,2022-12-10 11:00:00
15.3557,94841.03568833329,2022-12-10 12:00:00
19.5692,106911.68463728814,2022-12-10 13:00:00
23.5041,65968.94858666668,2022-12-10 14:00:00
19.043,72119.02997666666,2022-12-10 15:00:00
28.0065,71340.97096833335,2022-12-10 16:00:00
18.9412,95146.48476499996,2022-12-10 17:00:00
15.7927,121145.65046,2022-12-10 18:00:00
16.218,142724.09053333334,2022-12-10 19:00:00
45.1796,112497.89723666666,2022-12-10 20:00:00
13.8994,148466.720595,2022-12-10 21:00:00
16.4405,142020.57487966097,2022-12-10 22:00:00
14.1542,156327.11599666666,2022-12-10 23:00:00
14.8363,153586.2098616667,2022-12-11 00:00:00
15.0352,139156.70271999997,2022-12-11 01:00:00
15.5126,133980.32059322033,2022-12-11 02:00:00
14.4774,137467.54170333332,2022-12-11 03:00:00
13.855,220442.8048616667,2022-12-11 04:00:00
15.0511,166736.39198,2022-12-11 05:00:00
14.933,157472.90795500003,2022-12-11 06:00:00
16.331,115399.96970166668,2022-12-11 07:00:00
14.4323,119084.1247166667,2022-12-11 08:00:00
15.2983,151872.96519500003,2022-12-11 09:00:00
